#名前,レア度,スロットサイズ,入手時期,スキル系統1,スキル値1,スキル系統2,スキル値2,生産素材1,個数,生産素材2,個数,生産素材3,個数,生産素材4,個数,仮番号
抑反珠【１】,5,1,,反動軽減,1,,,修羅原珠,2,妃蜘蛛の鋭爪,2,蛮顎竜の大鼻骨,1,,,
早填珠【１】,5,1,,装填速度,1,,,修羅原珠,3,怨虎竜の上鱗,2,角竜の堅殻,2,天狗獣の剛毛,1,
耐絶珠【１】,5,1,,気絶耐性,1,,,修羅原珠,2,妃蜘蛛の堅殻,2,泥翁竜の堅殻,2,,,
点射珠【１】,5,1,,ブレ抑制,1,,,修羅原珠,1,泡狐竜の上鱗,2,火竜の翼,1,,,
耐衝珠【１】,5,1,,ひるみ軽減,1,,,修羅原珠,2,雷狼竜の堅殻,2,泡狐竜の尖爪,2,,,
防風珠【１】,5,1,,風圧耐性,1,,,修羅原珠,1,岩竜の堅殻,2,河童蛙の苔堅甲,2,,,
研磨珠【１】,5,1,,砥石使用高速化,1,,,水光原珠,2,火竜の鋭翼爪,2,鎌鼬竜の上刃尾,1,,,
早復珠【１】,4,1,,回復速度,1,,,水光原珠,1,泥魚竜の上ヒレ,2,,,,,
鼓笛珠【１】,4,1,,笛吹き名人,1,,,水光原珠,1,毒妖鳥の大喉袋,1,,,,,
奪気珠【１】,4,1,,スタミナ奪取,1,,,水光原珠,1,土砂竜の鋭爪,2,,,,,
毒珠【１】,5,1,,毒属性強化,1,,,水光原珠,2,毒妖鳥の上鱗,2,猛毒袋,1,,,
滑走珠【１】,4,1,,滑走強化,1,,,水光原珠,1,白兎獣の堅腹甲,1,海綿質の上皮,1,,,
爆師珠【１】,4,1,,ボマー,1,,,水光原珠,1,爆炎袋,1,怨虎竜の霊結晶,2,,,
火炎珠【１】,5,1,,火属性攻撃強化,1,,,水光原珠,2,雌火竜の上鱗,2,爆炎袋,1,,,
流水珠【１】,5,1,,水属性攻撃強化,1,,,水光原珠,2,泥魚竜の堅殻,2,大水袋,1,,,
雷光珠【１】,5,1,,雷属性攻撃強化,1,,,水光原珠,2,真珠色の柔皮,2,電撃袋,1,,,
氷結珠【１】,5,1,,氷属性攻撃強化,1,,,水光原珠,2,白兎獣の剛毛,2,眠狗竜の尖爪,2,,,
破龍珠【１】,5,1,,龍属性攻撃強化,1,,,水光原珠,2,雌火竜の堅殻,2,いにしえの龍骨,1,,,
防御珠【１】,5,1,,防御,1,,,水光原珠,2,岩竜の堅殻,2,土砂竜の堅甲,1,,,
皮剥珠【１】,4,1,,剥ぎ取り鉄人,1,,,水光原珠,1,河童蛙の苔堅甲,2,,,,,
無食珠【１】,4,1,,腹減り耐性,1,,,水光原珠,1,河童蛙の大嘴,1,,,,,
節食珠【１】,4,1,,満足感,1,,,水光原珠,2,怪しげな鋭牙,2,掻鳥の大クチバシ,1,,,
泥雪珠【１】,4,1,,泥雪耐性,1,,,水光原珠,1,白兎獣の堅腹甲,2,土砂竜の甲殻,1,,,
陽動珠【１】,4,1,,陽動,1,,,水光原珠,1,翼蛇竜の上皮,3,,,,,
飛込珠【１】,4,1,,飛び込み,1,,,水光原珠,1,ファンゴの上毛皮,2,堅牢な骨,1,,,
地学珠【１】,4,1,,地質学,1,,,水光原珠,1,掻鳥の上鱗,2,,,,,
植学珠【１】,4,1,,植生学,1,,,水光原珠,1,鎌鼬竜の上毛,2,,,,,
耐爆珠【１】,4,1,,爆破やられ耐性,1,,,水光原珠,1,爆炎袋,2,狸獣の引火液,2,,,
耐眠珠【１】,4,1,,睡眠耐性,1,,,水光原珠,1,眠狗竜の上皮,2,バギィの上鱗,2,,,
耐麻珠【１】,4,1,,麻痺耐性,1,,,水光原珠,1,飛甲虫の堅殻,3,飛甲虫の麻痺針,1,,,
耐毒珠【１】,4,1,,毒耐性,1,,,水光原珠,1,毒狗竜の上皮,2,フロギィの上鱗,2,,,
耐火珠【１】,4,1,,火耐性,1,,,水光原珠,1,傘鳥の上鱗,2,,,,,
耐水珠【１】,4,1,,水耐性,1,,,水光原珠,1,河童蛙の上皮,2,,,,,
耐雷珠【１】,4,1,,雷耐性,1,,,水光原珠,1,真珠色の柔皮,2,,,,,
耐氷珠【１】,4,1,,氷耐性,1,,,水光原珠,1,白兎獣の凍爪,2,,,,,
耐龍珠【１】,4,1,,龍耐性,1,,,水光原珠,1,尖竜骨,2,欠けた龍骨,2,,,
射法珠【２】,6,2,,弾導強化,1,,,修羅原珠,5,雷神龍の尖爪,2,雷狼竜の尖爪,3,角竜の延髄,1,
属会珠【２】,6,2,,会心撃【属性】,1,,,修羅原珠,4,古龍の血,2,しゃっこい堅氷塊,2,飛雷竜の雷極針,1,
砲術珠【２】,7,2,,砲術,1,,,修羅原珠,4,怨虎竜の上鱗,4,毒妖鳥の大喉袋,2,河童蛙の大嘴,1,
強走珠【２】,7,2,,ランナー,1,,,修羅原珠,4,雷狼竜の高電毛,3,角竜の堅殻,3,水獣の鋭爪,2,
短縮珠【２】,7,2,,集中,1,,,修羅原珠,5,風神龍の風袋,3,怨虎竜の妖刀殻,3,火竜の延髄,2,
心眼珠【２】,7,2,,心眼,1,,,修羅原珠,5,雪鬼獣の上皮,2,泡狐竜の紫上毛,3,黄金の毛,2,
底力珠【２】,6,2,,火事場力,1,,,修羅原珠,5,金獅子の尻尾,2,上質なねじれた角,2,轟竜の上鱗,2,
特射珠【２】,6,2,,特殊射撃強化,1,,,修羅原珠,4,泥翁竜の尖爪,2,人魚竜の怒髪ヒレ,2,泡狐竜の尖爪,2,
増弾珠【２】,6,2,,砲弾装填,1,,,修羅原珠,4,雪鬼獣の尖角,2,天狗獣の堅尾甲,2,獣玉,1,
強壁珠【２】,6,2,,ガード強化,1,,,修羅原珠,4,雷神龍の堅殻,3,雪鬼獣の堅腕甲,3,岩竜の堅胸殻,2,
鉄壁珠【２】,6,2,,ガード性能,1,,,修羅原珠,4,雷神龍の雷袋,3,泥翁竜の剛毛ヒレ,3,河童蛙の大皿,2,
早気珠【２】,6,2,,スタミナ急速回復,1,,,修羅原珠,4,轟竜の上鱗,3,泥翁竜の長髭,2,高級なトサカ,2,
昂揚珠【２】,6,2,,強化持続,1,,,修羅原珠,4,しゃっこい堅氷塊,2,黄金色の粘泥土,2,竜玉,1,
渾身珠【２】,6,2,,渾身,1,,,修羅原珠,5,雷神龍の尖爪,2,雪鬼獣の剛毛,4,雌火竜の逆鱗,1,
攻撃珠【２】,6,2,,攻撃,1,,,修羅原珠,5,金獅子の黒毛,3,雪鬼獣の尖拳爪,3,怨虎竜の逆鱗,1,
達人珠【２】,6,2,,見切り,1,,,修羅原珠,4,古龍の血,3,金獅子の黒毛,3,風神龍の碧棘,1,
速変珠【２】,5,2,,高速変形,1,,,修羅原珠,3,轟竜の尖爪,2,人魚竜の尖鉤爪,1,妃蜘蛛の絹糸,2,
鈍器珠【２】,5,2,,鈍器使い,1,,,修羅原珠,4,雪鬼獣の堅腕甲,3,角竜の堅甲,2,金獅子の尻尾,1,
耐震珠【２】,5,2,,耐震,1,,,修羅原珠,2,角竜の堅甲,2,堅牢な巨骨,1,河童蛙の苔堅甲,2,
逆襲珠【２】,5,2,,逆襲,1,,,修羅原珠,2,火竜の上鱗,3,風神龍の尖角,1,,,
泡沫珠【２】,5,2,,泡沫の舞,1,,,修羅原珠,1,泡立つ上滑液,2,大水袋,2,,,
抜打珠【２】,5,2,,抜刀術【力】,1,,,修羅原珠,2,雷狼竜の尖角,1,人魚竜の堅殻,2,雪鬼獣の拳爪,1,
跳躍珠【２】,5,2,,回避距離ＵＰ,1,,,修羅原珠,2,雷狼竜の高電殻,4,飛雷竜の上鱗,2,,,
回避珠【２】,5,2,,回避性能,1,,,修羅原珠,2,氷牙竜の鋭爪,2,飛雷竜の上毛皮,2,火竜の堅殻,1,
速納珠【２】,5,2,,納刀術,1,,,修羅原珠,2,迅竜の上黒毛,2,飛雷竜の尖爪,1,天狗獣の尖爪,1,
ＫＯ珠【２】,5,2,,ＫＯ術,1,,,修羅原珠,1,蛮顎竜の大鼻骨,2,土砂竜の頭殻,1,,,
友愛珠【２】,2,2,,広域化,1,,,修羅原珠,1,泡狐竜の尖爪,1,迅竜の上鱗,2,生命の粉塵,2,
重撃珠【２】,5,2,,破壊王,1,,,修羅原珠,1,雷狼竜の尖爪,2,琥珀色の鋭牙,1,角竜の尾甲,1,
耐属珠【２】,5,2,,属性やられ耐性,1,,,修羅原珠,1,凍結袋,1,電撃袋,1,大水袋,1,
早食珠【２】,5,2,,早食い,1,,,修羅原珠,2,蛮顎竜の鋭牙,2,河童蛙の大嘴,1,,,
加護珠【２】,5,2,,精霊の加護,1,,,修羅原珠,4,人魚竜の上鱗,3,泡狐竜の上錦ヒレ,2,竜玉,1,
壁走珠【２】,4,2,,壁面移動,1,,,水光原珠,2,天狗獣の尖爪,2,上質な腹袋,2,,,
翔蟲珠【２】,4,2,,翔蟲使い,1,,,水光原珠,2,天狗獣の上腕羽,2,モンスターの濃汁,2,,,
持続珠【２】,4,2,,アイテム使用強化,1,,,水光原珠,1,水獣の上鱗,2,,,,,
治癒珠【２】,4,2,,体力回復量ＵＰ,1,,,水光原珠,2,岩竜の堅胸殻,2,いにしえの秘薬,1,,,
体術珠【２】,4,2,,体術,1,,,水光原珠,2,赤甲獣の堅殻,3,ユニオン鉱石,1,,,
乗慣珠【２】,4,2,,乗り名人,1,,,水光原珠,1,傘鳥の上羽鱗,2,,,,,
逆境珠【２】,4,2,,不屈,1,,,水光原珠,1,青熊獣の堅殻,2,,,,,
装填珠【３】,7,3,,装填拡張,1,,,修羅原珠,5,風神龍の風袋,3,迅竜の鋭牙,3,泥魚竜の鋭牙,2,
守勢珠【３】,7,3,,攻めの守勢,1,,,修羅原珠,5,風神龍の上皮,3,赤甲獣の尖爪,3,角竜の延髄,2,
茸好珠【３】,7,3,,キノコ大好き,1,,,修羅原珠,5,轟竜のアギト,1,蛮顎竜の鋭牙,3,マンドラゴラ,3,
抜刀珠【３】,7,3,,抜刀術【技】,1,,,修羅原珠,4,風神龍の尖爪,3,上質なねじれた角,2,琥珀色の鋭牙,1,
防音珠【３】,5,3,,耳栓,1,,,修羅原珠,4,怨虎竜の堅殻,4,轟竜のアギト,1,白兎獣の大耳,1,
挑戦珠【２】,6,2,,挑戦者,1,,,瑠璃原珠,4,蛮顎竜の上鱗,2,泥翁竜の上鱗,3,獣玉,1,
無傷珠【２】,6,2,,フルチャージ,1,,,瑠璃原珠,4,ヌシの泡立つ滑液,2,風神龍の尖爪,3,岩竜の涙,1,
逆上珠【２】,6,2,,逆恨み,1,,,瑠璃原珠,4,轟竜の尖爪,2,氷牙竜の上毛皮,3,風神龍の堅殻,2,
窮地珠【２】,6,2,,死中に活,1,,,瑠璃原珠,4,迅竜の上黒毛,3,轟竜の堅殻,2,獣玉,1,
超心珠【２】,7,2,,超会心,1,,,瑠璃原珠,5,ヌシの轟炎袋,2,怨虎竜の剛兜角,2,泥翁竜の逆鱗,1,
痛撃珠【２】,6,2,,弱点特効,1,,,瑠璃原珠,5,妃蜘蛛の鉤棘,3,泥翁竜の尖爪,3,迅竜の延髄,1,
全開珠【２】,6,2,,力の解放,1,,,瑠璃原珠,4,蛮顎竜の上毛皮,3,雷狼竜の尖角,1,竜玉,1,
達芸珠【２】,6,2,,達人芸,1,,,瑠璃原珠,8,獄炎の龍鱗,6,炎王龍のたてがみ,4,雪鬼胆,1,
麻痺珠【２】,6,2,,麻痺属性強化,1,,,瑠璃原珠,5,強力麻痺袋,3,黄金色の粘泥土,2,古龍骨,3,
睡眠珠【２】,6,2,,睡眠属性強化,1,,,瑠璃原珠,5,人魚竜の微睡み粉,4,昏睡袋,2,古龍骨,3,
爆破珠【２】,6,2,,爆破属性強化,1,,,瑠璃原珠,4,爆鱗竜の爆腺,2,爆鱗竜の堅殻,1,怨虎竜の魂結晶,2,
匠珠【３】,7,3,,匠,1,,,瑠璃原珠,8,鋼の上龍鱗,6,鋼龍の尖角,3,怨虎竜の紫玉,1,
斬鉄珠【２】,6,2,,業物,1,,,瑠璃原珠,5,怨虎竜の妖刀殻,3,金獅子の尖爪,2,火竜の逆鱗,1,
節弾珠【２】,6,2,,弾丸節約,1,,,瑠璃原珠,5,金獅子の鋭牙,3,妃蜘蛛の灯腹,2,竜玉,2,
剛刃珠【２】,6,2,,剛刃研磨,1,,,瑠璃原珠,4,怨虎竜の妖腕刃,4,迅竜の鋭刃翼,3,鎌鼬竜の上刃尾,1,
強弾珠【３】,7,3,,通常弾・連射矢強化,1,,,瑠璃原珠,5,上質なねじれた角,2,雪鬼獣の尖角,2,竜玉,2,
貫通珠【３】,7,3,,貫通弾・貫通矢強化,1,,,瑠璃原珠,5,轟竜の鋭牙,3,金獅子の尖角,1,泡狐竜の逆鱗,1,
散弾珠【３】,7,3,,散弾・拡散矢強化,1,,,瑠璃原珠,5,爆鱗竜の爆腺,3,爆鱗竜の尖爪,2,雷狼竜の逆鱗,1,
速射珠【３】,7,3,,速射強化,1,,,瑠璃原珠,5,雷神龍の尖角,3,雌火竜の上棘,1,蛮顎竜の逆鱗,1,
運気珠【３】,7,3,,幸運,1,,,瑠璃原珠,8,霞龍の上皮,6,霞龍の翼,4,泥翁竜の黄玉,1,
強跳珠【３】,7,3,,ジャンプ鉄人,1,,,瑠璃原珠,5,爆鱗竜の翼,3,火竜の翼,1,天狗獣の堅頭襟,2,
鬼火珠【３】,6,3,,鬼火纏,1,,,瑠璃原珠,5,怨虎竜の魂結晶,3,火竜の上鱗,2,妃蜘蛛の灯腹,2,