#名前,"性別(0=両,1=男,2=女)",レア度,スロット1,スロット2,スロット3,入手時期,初期防御力,最終防御力,火耐性,水耐性,雷耐性,氷耐性,龍耐性,スキル系統1,スキル値1,スキル系統2,スキル値2,スキル系統3,スキル値3,スキル系統4,スキル値4,スキル系統5,スキル値5,生産素材1,個数,生産素材2,個数,生産素材3,個数,生産素材4,個数,カスタム強化防御力,カスタム強化素材1,個数1,カスタム強化素材2,個数2,ワンセット防具,仮番号
カムラノ装【上衣】覇,0,4,1,0,0,,30,66,2,0,0,0,0,翔蟲使い,2,壁面移動,1,見切り,1,,,,,カブレライト鉱石,1,イズチの剛毛,1,,,,,,,,,,,10
レザーＳベスト,0,4,2,0,0,,30,66,0,0,0,0,0,植生学,1,,,,,,,,,ファンゴの上毛皮,2,大地の結晶,2,,,,,,,,,,,20
チェーンＳベスト,0,4,1,0,0,,32,68,0,0,1,0,0,防御,1,ひるみ軽減,2,,,,,,,カブレライト鉱石,2,大地の結晶,2,,,,,,,,,,,30
ハンターＳメイル,0,4,1,0,0,,32,68,0,0,0,0,0,攻撃,1,匠,1,,,,,,,翼蛇竜の上皮,2,ドラグライト鉱石,2,,,,,,,,,,,40
アロイＳメイル,0,4,2,0,0,,32,68,-1,0,-1,-1,0,砥石使用高速化,1,,,,,,,,,グラシスメタル,2,カブレライト鉱石,1,マカライト鉱石,2,,,,,,,,,50
ボーンＳメイル,0,4,1,0,0,,32,68,0,0,0,-1,0,スタミナ奪取,1,ランナー,1,,,,,,,ねじれた堅怪骨,2,ファンゴの上毛皮,2,鋭利な牙,1,,,,,,,,,60
スカルダＳペット,1,4,2,0,0,,32,68,3,-1,-1,-1,3,力の解放,1,,,,,,,,,毒クモリ,1,飛甲虫の堅殻,2,カブレライト鉱石,2,,,,,,,,,70
スパイオＳペット,2,4,2,0,0,,32,68,3,-1,-1,-1,3,力の解放,1,,,,,,,,,毒クモリ,1,飛甲虫の堅殻,2,カブレライト鉱石,2,,,,,,,,,80
ブナハＳスーツ,0,4,1,1,0,,34,70,-2,0,0,0,2,麻痺属性強化,1,回避性能,1,,,,,,,飛甲虫の堅殻,2,モンスターの濃汁,2,甲虫の大顎,1,ねじれた堅怪骨,1,,,,,,,90
イズチＳメイル,0,4,1,0,0,,36,72,2,-1,-2,0,0,見切り,2,回復速度,1,,,,,,,鎌鼬竜の上皮,3,鎌鼬竜の上毛,2,上竜骨,1,イズチの刃尾,1,,,,,,,100
バギィＳメイル,0,4,1,0,0,,36,72,-4,-1,-1,2,1,攻撃,1,氷属性攻撃強化,1,,,,,,,眠狗竜の上皮,4,王者のトサカ,1,バギィの上鱗,1,グラシスメタル,1,,,,,,,110
クルルＳメイル,0,4,2,0,0,,38,74,0,-3,0,1,0,ＫＯ術,2,笛吹き名人,1,,,,,,,掻鳥の上鱗,4,掻鳥の大クチバシ,1,掻鳥の大飾り羽,1,ドラグライト鉱石,2,,,,,,,120
フロギィＳメイル,0,4,1,0,0,,38,74,2,-2,1,-4,0,速射強化,1,毒属性強化,1,,,,,,,毒狗竜の上皮,3,猛毒袋,1,フロギィの上鱗,2,鳥竜玉,1,,,,,,,130
アシラＳメイル,0,4,2,0,0,,36,72,-2,0,-2,0,0,逆襲,1,,,,,,,,,青熊獣の堅殻,4,青熊獣の剛毛,1,堅牢な骨,2,ねじれた堅怪骨,1,,,,,,,140
ウルクＳメイル,0,4,1,1,0,,36,72,-3,1,0,3,0,滑走強化,1,体術,1,,,,,,,白兎獣の堅腹甲,3,白兎獣の凍爪,2,バギィの上鱗,1,,,,,,,,,150
アケノＳメイル,0,4,1,0,0,,38,74,3,-3,-1,0,0,納刀術,1,フルチャージ,1,,,,,,,傘鳥の上鱗,4,傘鳥の上羽鱗,1,尖竜骨,1,カブレライト鉱石,1,,,,,,,160
フルフルＳメイル,0,4,1,1,0,,38,74,-4,1,4,2,1,壁面移動,1,体力回復量ＵＰ,1,,,,,,,真珠色の柔皮,4,電撃袋,1,カブレライト鉱石,1,アルビノの中落ち,1,,,,,,,170
ヨツミＳメイル,0,4,1,0,0,,40,76,-1,4,-2,1,0,通常弾・連射矢強化,1,回避距離ＵＰ,1,,,,,,,河童蛙の苔堅甲,4,河童蛙の上皮,1,堅牢な骨,1,グラシスメタル,2,,,,,,,180
インゴットＳメイル,0,4,2,1,0,,40,74,-1,-1,1,0,0,風圧耐性,2,,,,,,,,,ユニオン鉱石,1,ドラグライト鉱石,3,ノヴァクリスタル,1,ケストドンの堅殻,2,,,,,,,190
混沌のカイ・覇,0,4,0,0,0,,40,74,2,-2,0,0,0,キノコ大好き,2,,,,,,,,,闇盛り茸,3,マンドラゴラ,2,鎌鼬竜の上皮,2,,,,,,,,,200
エーデルＳトロンコ,0,4,1,1,0,,40,74,-1,3,-1,0,0,体力回復量ＵＰ,2,,,,,,,,,星見の麗花,2,大水袋,1,流水草,2,垂皮竜の上皮,2,,,,,,,210
ズワロＳマント,0,4,2,1,0,,42,76,-2,2,0,-1,1,満足感,2,,,,,,,,,垂皮竜の上皮,3,ファンゴの上毛皮,2,上質な毛皮,2,,,,,,,,,220
リノプロＳメイル,0,4,2,1,0,,42,76,2,0,0,-2,0,砲術,1,気絶耐性,2,,,,,,,草食竜の堅殻,2,竜骨【中】,2,鋭利な爪,1,尖竜骨,1,,,,,,,230
ドロスＳメイル,0,4,2,1,0,,42,76,-2,4,-1,0,0,水属性攻撃強化,2,,,,,,,,,水生獣の上皮,3,未熟な海綿質,2,鋭利な爪,2,上質な毛皮,1,,,,,,,240
ラングロＳメイル,0,4,2,0,0,,50,84,2,-3,0,-1,1,高速変形,1,ジャンプ鉄人,1,,,,,,,赤甲獣の堅殻,3,赤甲獣の尖爪,2,カブレライト鉱石,2,上質な毛皮,2,,,,,,,250
ルドロスＳメイル,0,4,2,0,0,,48,82,-3,4,-1,0,0,スタミナ急速回復,2,,,,,,,,,海綿質の上皮,4,水獣の上鱗,1,水獣の鋭爪,2,鋭利な爪,1,,,,,,,260
ボロスＳメイル,0,4,2,0,0,,50,84,-3,-1,3,-1,0,攻撃,1,防御,2,,,,,,,土砂竜の堅殻,4,土砂竜の頭殻,1,豊沃なドロ,2,上質なヒレ,2,,,,,,,270
テンゴＳメイル,0,5,3,0,0,,52,86,-2,2,2,-4,2,広域化,1,,,,,,,,,天狗獣の剛毛,3,天狗獣の尖爪,1,天狗獣の堅頭襟,1,ファンゴの上毛皮,2,,,,,,,280
プケプケＳメイル,0,5,1,0,0,,50,84,0,3,-3,0,1,特殊射撃強化,1,体術,2,,,,,,,毒妖鳥の上鱗,5,毒妖鳥の尻尾,2,毒妖鳥の翼,1,尖竜骨,1,,,,,,,290
ジュラメイル,0,5,1,1,1,,48,82,-1,2,-3,0,0,強化持続,2,回避距離ＵＰ,1,,,,,,,泥魚竜の堅殻,4,泥魚竜の上鱗,1,泥魚竜の上ヒレ,2,咬魚の上皮,2,,,,,,,300
バサルＳメイル,0,5,1,1,0,,52,86,0,-2,1,1,-3,ガード性能,1,砲弾装填,1,,,,,,,岩竜の堅殻,4,岩竜の堅胸殻,1,爆炎袋,1,カブレライト鉱石,2,,,,,,,310
レイアＳメイル,0,5,3,1,1,,52,86,3,0,-2,0,-3,体力回復量ＵＰ,1,植生学,1,,,,,,,雌火竜の上鱗,4,雌火竜の堅殻,1,雌火竜の上棘,2,雌火竜の紅玉,1,,,,,,,320
ドーベルメイル,0,5,1,0,0,,52,76,-2,0,0,0,4,龍属性攻撃強化,1,集中,1,強化持続,1,火事場力,1,,,尖竜骨,3,埋もれた竜骨骸,2,眠狗竜の上皮,2,ファンゴの上毛皮,1,,,,,,,330
アルブーロＳベスト,0,5,1,1,0,,52,76,0,-2,1,-1,0,通常弾・連射矢強化,1,貫通弾・貫通矢強化,1,,,,,,,マクラサカガイ,1,人魚竜の上鱗,3,真珠色の柔皮,2,ノヴァクリスタル,1,,,,,,,340
メルホアＳトロンコ,0,5,1,1,0,,52,76,0,1,3,0,0,植生学,2,体力回復量ＵＰ,1,,,,,,,ドスビスカス,1,火薬草,3,上質な腹袋,2,ねじれた堅怪骨,2,,,,,,,350
デスギアＳムスケル,0,5,2,0,0,,52,76,3,1,1,-1,0,不屈,1,高速変形,1,,,,,,,禍々しい闇布,1,草食竜の頭殻,2,上質な堅骨,2,鋭利な爪,2,,,,,,,360
マギュルＳトロンコ,0,5,2,0,0,,52,76,-3,1,0,3,0,装填速度,2,,,,,,,,,ワヲンパンプキン,1,忍耐の種,2,バギィの上鱗,2,グラシスメタル,2,,,,,,,370
ヴァイクＳメイル,0,5,3,2,1,,52,76,0,3,-2,-1,0,,,,,,,,,,,ヨロイシダイ,1,カジキマグロ,1,上質なヒレ,2,ドラグライト鉱石,3,,,,,,,380
マカルパＳペプラム,0,5,1,0,0,,52,76,1,2,-2,0,0,水属性攻撃強化,3,,,,,,,,,春夜鯉,1,キレアジ,2,上質なヒレ,2,カブレライト鉱石,2,,,,,,,390
ウツシ表【上衣】覇,1,5,1,1,0,,52,76,3,0,0,0,0,広域化,1,幸運,1,,,,,,,カムラチケット,2,天狗獣の上腕羽,3,堅竜骨,2,獄炎石,1,,,,,,,400
ウツシ裏【上衣】覇,1,5,1,0,0,,52,76,3,0,0,0,0,業物,1,弾丸節約,1,回避性能,1,挑戦者,1,,,カムラチケット,2,天狗獣の尖爪,2,堅竜骨,2,獄炎石,1,,,,,,,410
依巫・祈【白衣】,2,5,1,1,0,,52,76,3,0,0,0,0,広域化,1,幸運,1,,,,,,,カムラチケット,2,天狗獣の上腕羽,3,堅竜骨,2,獄炎石,1,,,,,,,420
神凪・願【白衣】,2,5,1,0,0,,52,76,3,0,0,0,0,業物,1,弾丸節約,1,回避性能,1,挑戦者,1,,,カムラチケット,2,天狗獣の尖爪,2,堅竜骨,2,獄炎石,1,,,,,,,430
コトルＳメイル,0,5,2,0,0,,52,76,4,-2,0,-1,0,火属性攻撃強化,3,,,,,,,,,溶岩獣の上鱗,5,上質なヒレ,2,鋭利な爪,1,紅蓮石,4,,,,,,,440
ガブラスーツＳボディ,0,5,1,1,0,,52,76,1,1,1,1,3,超会心,1,,,,,,,,,翼蛇竜の上皮,3,毒妖鳥の上鱗,1,猛毒袋,2,堅竜骨,1,,,,,,,450
イソネＳメイル,0,5,1,1,0,,58,82,-1,2,-3,0,1,睡眠属性強化,1,アイテム使用強化,1,,,,,,,人魚竜の堅殻,4,人魚竜の微睡み粉,2,人魚竜の怒髪ヒレ,1,泥魚竜の上ヒレ,1,,,,,,,460
ベリオＳメイル,0,5,2,1,1,,58,82,-3,0,-1,3,0,納刀術,1,渾身,1,,,,,,,氷牙竜の上毛皮,4,氷牙竜の鋭爪,3,凍結袋,1,竜玉,1,,,,,,,470
カガチＳメイル,0,5,3,0,0,,58,82,0,-3,3,0,0,心眼,1,見切り,1,,,,,,,飛雷竜の上毛皮,4,飛雷竜の尖爪,2,飛雷竜の上鱗,1,電撃袋,2,,,,,,,480
ジャナフＳメイル,0,6,1,1,0,,60,96,3,-3,-1,-1,0,集中,2,ランナー,1,,,,,,,蛮顎竜の上毛皮,4,蛮顎竜の上鱗,1,蛮顎竜の大鼻骨,2,鋭利な爪,2,,,,,,,490
ナルガＳメイル,0,6,1,1,0,,60,96,-2,1,-3,1,1,回避性能,1,見切り,2,,,,,,,迅竜の上黒毛,4,迅竜の尾棘,1,迅竜の鋭刃翼,2,鋭利な爪,2,,,,,,,500
ミツネＳメイル,0,6,1,0,0,,60,96,0,2,-3,1,-1,泡沫の舞,1,死中に活,1,,,,,,,泡狐竜の紫上毛,4,泡立つ上滑液,2,泡狐竜の上錦ヒレ,2,泡狐竜の逆鱗,1,,,,,,,510
レウスＳメイル,0,6,1,0,0,,62,98,3,1,-2,1,-3,攻撃,1,破壊王,1,風圧耐性,1,,,,,火竜の堅殻,4,火竜の上鱗,1,火竜の尻尾,1,火竜の延髄,1,,,,,,,520
ジンオウＳメイル,0,6,1,0,0,,62,98,0,-1,4,-4,1,力の解放,1,弱点特効,1,,,,,,,雷狼竜の高電毛,3,雷狼竜の堅殻,3,雷狼竜の尖爪,1,雷狼竜の逆鱗,1,,,,,,,530
ロワーガＳペット,1,6,1,0,0,,62,84,-2,0,3,-2,2,会心撃【属性】,1,見切り,2,龍属性攻撃強化,1,,,,,オオクワアゲハ,1,上質な堅骨,2,火竜の堅殻,2,臣蜘蛛の絹糸,2,,,,,,,540
ファルメルＳペット,2,6,1,0,0,,62,84,-2,0,3,-2,2,会心撃【属性】,1,見切り,2,龍属性攻撃強化,1,,,,,オオクワアゲハ,1,上質な堅骨,2,火竜の堅殻,2,臣蜘蛛の絹糸,2,,,,,,,550
メデュレトＳベスト,0,6,2,1,0,,62,84,1,3,0,2,0,爆破属性強化,2,,,,,,,,,ゴスゴシックラゲ,1,人魚竜の怒髪ヒレ,1,大水袋,2,グラシスメタル,4,,,,,,,560
ブリゲイドＳスーツ,0,6,1,0,0,,62,84,1,0,2,0,2,捕獲名人,1,地質学,1,,,,,,,狩猟王のコイン,3,ラージャンコイン,2,ベリオコイン,1,堅竜骨,3,,,,,,,570
禍鎧・覇【胸当て】,0,6,2,0,0,,64,100,3,-3,-2,1,1,鬼火纏,1,逆恨み,1,,,,,,,怨虎竜の堅殻,3,怨虎竜の妖刀殻,2,怨虎竜の魂結晶,2,堅竜骨,2,,,,,,,580
ゴシャＳメイル,0,6,2,1,0,,64,100,-4,1,-1,4,0,抜刀術【技】,1,逆恨み,1,,,,,,,雪鬼獣の剛毛,4,しゃっこい堅氷塊,1,凍結袋,2,雪鬼胆,1,,,,,,,590
オロミドＳメイル,0,6,1,0,0,,64,100,-4,3,3,-2,-2,業物,2,強化持続,1,,,,,,,泥翁竜の堅殻,4,黄金色の粘泥土,3,泥翁竜の尻尾,1,泥翁竜の黄玉,1,,,,,,,600
レックスＳメイル,0,6,1,1,0,,64,100,2,0,-3,0,-2,耳栓,2,鈍器使い,1,,,,,,,轟竜の上鱗,4,轟竜の鋭牙,3,轟竜の堅殻,1,獄炎石,2,,,,,,,610
ディアブロＳメイル,0,6,1,0,0,,64,100,3,-1,-1,-3,-1,ガード性能,2,攻めの守勢,1,,,,,,,上質なねじれた角,2,角竜の堅殻,4,角竜の延髄,1,ケストドンの堅殻,2,,,,,,,620
ヤツカダメイル,0,6,2,1,0,,66,102,4,-2,-1,-3,1,散弾・拡散矢強化,1,装填速度,1,,,,,,,妃蜘蛛の鋭爪,3,妃蜘蛛の絹糸,3,モンスターの濃汁,1,妃蜘蛛の鉤棘,1,,,,,,,630
金色ノ羽織,0,7,2,0,0,,70,106,2,1,3,-5,2,火事場力,1,渾身,1,力の解放,1,,,,,金獅子の鋭牙,3,金獅子の黒毛,2,金獅子の尻尾,2,天狗獣の上腕羽,2,,,,,,,640
ダマスクメイル,0,7,1,1,0,,68,104,-1,2,-3,1,-1,耐震,1,匠,1,,,,,,,古龍の血,2,妃蜘蛛の堅殻,2,人魚竜の怒髪ヒレ,1,ノヴァクリスタル,1,,,,,,,
クシャナディール,0,7,2,0,0,,74,110,-1,2,-2,3,-3,鋼殻の恩恵,1,回復速度,1,陽動,1,,,,,鋼龍の堅殻,5,鋼の上龍鱗,2,鋼龍の尻尾,2,琥珀色の鋭牙,2,,,,,,,
ミヅハ【胸当て】,0,7,1,0,0,,74,110,-5,1,0,3,-3,霞皮の恩恵,1,毒属性強化,1,心眼,1,弾導強化,1,,,霞龍の尖爪,4,霞龍の翼,3,古龍の血,2,霞龍の宝玉,1,,,,,,,
カイザーメイル,0,7,1,0,0,,74,110,4,-4,1,-1,-3,炎鱗の恩恵,1,見切り,1,達人芸,1,,,,,炎王龍の堅殻,5,炎王龍のたてがみ,2,炎龍の尖爪,1,蛮顎竜の大鼻骨,2,,,,,,,
バゼルメイル,0,7,1,1,0,,72,108,3,1,-4,-2,-2,ガード強化,2,挑戦者,1,,,,,,,爆鱗竜の上鱗,4,爆鱗竜の堅殻,1,爆鱗竜の尖爪,2,怨虎竜の上鱗,2,,,,,,,650
しまきのむなさき,0,7,0,0,0,,66,102,-1,0,0,0,-2,風紋の一致,1,ガード性能,1,ひるみ軽減,1,風雷合一,1,,,風神龍の風袋,2,風神龍の堅殻,3,風神龍の尖角,1,火竜の翼膜,2,,,,,,,
なるかみのむなさき,0,7,0,0,0,,76,112,2,1,4,-3,-4,雷紋の一致,1,体術,1,抜刀術【技】,1,風雷合一,1,,,雷神龍の雷袋,2,雷神龍の上皮,4,雷神龍の堅殻,1,雷狼竜の高電毛,2,,,,,,,660
赫耀ノメイル,0,7,3,1,0,,80,116,-2,-2,-2,-2,3,龍気活性,1,死中に活,2,,,,,,,天彗龍の背尖甲,2,赫揺れる龍鱗,6,赫赫の槍翼,2,怨虎竜の魂結晶,2,,,,,,,
蒼世ノ侍【羽織】,0,7,2,0,0,,72,108,2,2,0,0,2,体術,2,弱点特効,1,,,,,,,,,,,,,,,,,,,,,
カムラノ装【上衣】継,0,8,1,1,0,,80,130,2,0,0,0,0,翔蟲使い,2,壁面移動,1,見切り,1,,,,,,,,,,,,,,,,,,,5000
レザーＸベスト,0,8,4,0,0,,80,130,0,0,0,0,0,植生学,2,体力回復量ＵＰ,1,,,,,,,,,,,,,,,,,,,,,5010
チェーンＸベスト,0,8,4,0,0,,82,132,0,0,1,0,0,防御,1,ひるみ軽減,2,ガード性能,1,,,,,,,,,,,,,,,,,,,5020
ハンターＸメイル,0,8,1,0,0,,82,132,0,0,0,0,0,攻撃,1,匠,1,アイテム使用強化,1,,,,,,,,,,,,,,,,,,,5030
アロイＸメイル,0,8,3,0,0,,82,132,-1,0,-1,-1,0,砥石使用高速化,2,剛刃研磨,2,,,,,,,,,,,,,,,,,,,,,5040
ボーンＸメイル,0,8,3,0,0,,82,132,0,0,0,-1,0,スタミナ奪取,1,ランナー,2,,,,,,,,,,,,,,,,,,,,,5050
リノプロＸメイル,0,8,4,1,0,,90,140,2,0,0,-2,0,砲術,1,気絶耐性,2,,,,,,,,,,,,,,,,,,,,,5060
ドロスＸメイル,0,8,4,2,0,,90,140,-2,4,-1,0,0,水属性攻撃強化,2,,,,,,,,,,,,,,,,,,,,,,,5070
ブナハＸスーツ,0,8,3,1,0,,84,134,-2,0,0,0,2,麻痺属性強化,1,回避性能,2,,,,,,,,,,,,,,,,,,,,,5080
タロスメイル,0,8,4,0,0,,86,136,-1,-1,-1,-1,4,龍属性攻撃強化,2,体力回復量ＵＰ,1,,,,,,,,,,,,,,,,,,,,,5090
ランゴメイル,0,8,4,1,0,,84,134,-2,1,1,1,2,納刀術,1,麻痺耐性,2,,,,,,,,,,,,,,,,,,,,,5100
ランポスメイル,0,8,4,1,0,,86,136,0,0,0,-2,0,攻撃,1,風圧耐性,1,,,,,,,,,,,,,,,,,,,,,5130
イズチＸメイル,0,8,1,0,0,,86,136,2,-1,-2,0,0,見切り,2,回復速度,2,回避性能,1,,,,,,,,,,,,,,,,,,,5140
バギィＸメイル,0,8,4,0,0,,86,136,-4,-1,-1,2,1,攻撃,1,睡眠属性強化,1,,,,,,,,,,,,,,,,,,,,,5150
クルルＸメイル,0,8,2,1,0,,86,136,0,-3,0,1,0,ＫＯ術,2,納刀術,1,,,,,,,,,,,,,,,,,,,,,5160
フロギィＸメイル,0,8,4,0,0,,88,138,2,-2,1,-4,0,速射強化,1,毒属性強化,1,毒耐性,1,,,,,,,,,,,,,,,,,,,5170
アシラＸメイル,0,8,4,0,0,,86,136,-2,0,-2,0,0,逆襲,1,逆恨み,1,,,,,,,,,,,,,,,,,,,,,5180
ウルクＸメイル,0,8,1,1,0,,86,136,-3,1,0,3,0,滑走強化,1,体術,2,達人芸,1,装填速度,1,,,,,,,,,,,,,,,,,5190
ラングロＸメイル,0,8,2,0,0,,94,144,2,-3,0,-1,1,高速変形,1,ジャンプ鉄人,1,耳栓,1,,,,,,,,,,,,,,,,,,,5200
アケノＸメイル,0,8,1,1,0,,88,138,3,-3,-1,0,0,納刀術,1,フルチャージ,1,抜刀術【技】,1,,,,,,,,,,,,,,,,,,,5210
ルドロスＸメイル,0,8,4,0,0,,92,142,-3,4,-1,0,0,スタミナ急速回復,2,集中,1,,,,,,,,,,,,,,,,,,,,,5220
ボロスＸメイル,0,8,4,0,0,,94,144,-3,-1,3,-1,0,攻撃,2,防御,2,泥雪耐性,2,,,,,,,,,,,,,,,,,,,5230
ザザミメイル,0,8,1,0,0,,94,144,-5,1,-3,-1,2,ガード性能,3,砲弾装填,1,通常弾・連射矢強化,1,装填拡張,1,,,,,,,,,,,,,,,,,5240
ヨツミＸメイル,0,8,2,0,0,,90,140,-1,4,-2,1,0,通常弾・連射矢強化,1,回避距離ＵＰ,1,早食い,1,,,,,,,,,,,,,,,,,,,5250
インゴットＸメイル,0,8,3,1,0,,94,136,-1,-1,1,0,0,風圧耐性,2,見切り,2,,,,,,,,,,,,,,,,,,,,,5260
スカルダＸペット,1,8,3,0,0,,98,140,3,-1,-1,-1,3,力の解放,2,心眼,1,,,,,,,,,,,,,,,,,,,,,5270
スパイオＸペット,2,8,3,0,0,,98,140,3,-1,-1,-1,3,力の解放,2,心眼,1,,,,,,,,,,,,,,,,,,,,,5280
混沌のカイ・真,0,8,2,1,0,,98,140,2,-2,0,0,0,キノコ大好き,2,笛吹き名人,1,,,,,,,,,,,,,,,,,,,,,5290
エーデルＸトロンコ,0,8,3,1,0,,96,138,-1,3,-1,0,0,体力回復量ＵＰ,2,広域化,1,,,,,,,,,,,,,,,,,,,,,5300
アルブーロＸベスト,0,8,1,1,0,,96,138,0,2,1,-1,0,通常弾・連射矢強化,1,貫通弾・貫通矢強化,1,チューンアップ,1,,,,,,,,,,,,,,,,,,,5310
メルホアＸトロンコ,0,8,4,1,0,,92,140,0,1,3,0,0,植生学,2,体力回復量ＵＰ,1,精霊の加護,1,,,,,,,,,,,,,,,,,,,5320
ゴギョウノカリギヌ,0,8,4,0,0,,100,142,0,0,0,0,3,属性やられ耐性,1,心眼,2,,,,,,,,,,,,,,,,,,,,,5330
軽装騎士【胸当て】,0,8,1,1,0,,100,138,1,1,1,1,1,業物,1,ひるみ軽減,1,攻めの守勢,2,,,,,,,,,,,,,,,,,,,5340
ユクモノドウギ,0,8,1,0,0,,92,134,0,0,2,0,0,見切り,1,耳栓,2,,,,,,,,,,,,,,,,,,,,,5350
ズワロＸマント,0,8,4,1,0,,92,134,-2,2,0,-1,1,満足感,2,アイテム使用強化,2,,,,,,,,,,,,,,,,,,,,,5360
フルフルＸメイル,0,8,1,1,1,,96,138,-4,1,4,2,1,壁面移動,2,体力回復量ＵＰ,2,,,,,,,,,,,,,,,,,,,,,5370
テンゴＸメイル,0,8,4,0,0,,96,138,-2,2,2,-4,2,広域化,3,,,,,,,,,,,,,,,,,,,,,,,5380
テンゴＺメイル,0,8,4,1,1,,96,138,2,-4,-2,0,2,納刀術,1,火耐性,2,回復速度,3,,,,,,,,,,,,,,,,,,,5390
プケプケＸメイル,0,8,2,0,0,,96,138,0,3,-3,0,1,特殊射撃強化,1,体術,3,砥石使用高速化,2,,,,,,,,,,,,,,,,,,,5400
ジュラＸメイル,0,8,1,1,1,,96,138,-1,2,-3,0,0,強化持続,2,回避距離ＵＰ,1,逆恨み,1,チューンアップ,1,,,,,,,,,,,,,,,,,5410
バサルＸメイル,0,8,1,1,0,,100,142,0,-2,1,1,-3,ガード性能,2,砲弾装填,1,力の解放,1,,,,,,,,,,,,,,,,,,,5420
イソネＸメイル,0,8,3,1,1,,96,138,-1,2,-3,0,1,睡眠属性強化,1,装填拡張,1,,,,,,,,,,,,,,,,,,,,,5430
イソネＺメイル,0,8,4,0,0,,108,146,-3,1,-1,3,2,会心撃【属性】,1,挑戦者,2,,,,,,,,,,,,,,,,,,,,,5440
レイアＸメイル,0,8,4,1,1,,96,138,3,0,-2,0,-3,体力回復量ＵＰ,1,毒耐性,2,満足感,1,,,,,,,,,,,,,,,,,,,5450
カガチＸメイル,0,8,4,0,0,,96,138,0,-3,3,0,0,心眼,1,見切り,1,会心撃【属性】,1,,,,,,,,,,,,,,,,,,,5460
ジャナフＸメイル,0,8,1,1,0,,98,140,3,-3,-1,-1,0,集中,2,ランナー,1,挑戦者,1,,,,,,,,,,,,,,,,,,,5470
ドーベルＸメイル,0,8,1,0,0,,104,142,-2,0,0,0,4,龍属性攻撃強化,1,集中,1,強化持続,1,火事場力,2,,,,,,,,,,,,,,,,,5490
ヴァイクＸメイル,0,8,3,2,1,,100,138,0,3,-2,-1,0,腹減り耐性,1,,,,,,,,,,,,,,,,,,,,,,,5500
マギュルＸトロンコ,0,8,4,1,0,,100,138,-3,1,0,3,0,チューンアップ,1,ブレ抑制,1,,,,,,,,,,,,,,,,,,,,,5510
デスギアＸムスケル,0,8,2,0,0,,110,148,3,1,1,-1,0,不屈,1,高速変形,2,砥石使用高速化,1,,,,,,,,,,,,,,,,,,,5520
マカルパＸペプラム,0,8,2,1,0,,104,142,1,2,-2,0,0,水属性攻撃強化,3,早食い,1,スタミナ急速回復,1,,,,,,,,,,,,,,,,,,,5530
ロワーガＸペット,1,8,1,1,0,,110,148,-2,0,3,-2,2,会心撃【属性】,1,見切り,3,龍属性攻撃強化,1,,,,,,,,,,,,,,,,,,,5540
ファルメルＸペット,2,8,1,1,0,,110,148,-2,0,3,-2,2,会心撃【属性】,1,見切り,3,龍属性攻撃強化,1,,,,,,,,,,,,,,,,,,,5550
砲術隊【胴】,0,8,0,0,0,,106,144,1,1,1,1,1,弾導強化,3,反動軽減,1,回避距離ＵＰ,1,,,,,,,,,,,,,,,,,,,5560
ギルドバードスーツ,1,8,4,0,0,,104,142,0,0,0,0,0,回避性能,1,精霊の加護,1,幸運,1,,,,,,,,,,,,,,,,,,,5570
スカラースーツ,2,8,4,0,0,,104,142,0,0,0,0,0,回避性能,1,精霊の加護,1,幸運,1,,,,,,,,,,,,,,,,,,,5580
ガーディアンスーツ,0,8,4,1,0,,108,146,2,0,0,2,3,ガード性能,1,砥石使用高速化,1,属性やられ耐性,1,,,,,,,,,,,,,,,,,,,5590
ブリゲイドＸスーツ,0,8,3,2,0,,106,144,1,0,2,0,2,捕獲名人,1,地質学,1,ランナー,1,,,,,,,,,,,,,,,,,,,5600
ベリオＸメイル,0,8,2,2,1,,108,146,-5,0,-1,3,0,納刀術,1,渾身,2,,,,,,,,,,,,,,,,,,,,,5610
禍鎧・真【胸当て】,0,8,2,0,0,,110,148,3,-3,-2,1,1,鬼火纏,1,逆恨み,1,耳栓,1,,,,,,,,,,,,,,,,,,,5620
ナルガＸメイル,0,8,3,1,0,,108,146,-2,1,-3,1,1,回避性能,1,見切り,2,ひるみ軽減,1,,,,,,,,,,,,,,,,,,,5630
ゴシャＸメイル,0,8,2,1,0,,106,144,-4,1,-1,4,0,抜刀術【技】,1,逆恨み,3,,,,,,,,,,,,,,,,,,,,,5640
ゴルムメイル,0,8,4,1,1,,112,150,-1,3,-2,0,2,ひるみ軽減,3,耐震,2,,,,,,,,,,,,,,,,,,,,,5650
ギザミメイル,0,8,2,0,0,,108,146,-3,1,-4,-1,2,研磨術【鋭】,1,ランナー,2,見切り,1,,,,,,,,,,,,,,,,,,,5660
オロミドＸメイル,0,8,4,0,0,,108,146,-4,3,3,-2,-2,業物,2,強化持続,1,,,,,,,,,,,,,,,,,,,,,5670
ヤツカダＸメイル,0,8,3,1,0,,108,146,4,-2,-1,-3,0,散弾・拡散矢強化,1,装填速度,2,弾丸節約,1,,,,,,,,,,,,,,,,,,,5680
オロミドＺメイル,0,9,4,1,0,,112,150,5,-5,0,-4,0,死中に活,1,火事場力,2,,,,,,,,,,,,,,,,,,,,,5690
ヤツカダＺメイル,0,9,2,2,1,,112,150,2,-4,2,-2,2,渾身,1,翔蟲使い,2,,,,,,,,,,,,,,,,,,,,,5700
ウツシ表【上衣】真,1,9,2,1,0,,110,148,3,0,0,0,0,広域化,1,幸運,1,体力回復量ＵＰ,1,,,,,,,,,,,,,,,,,,,5710
神凪・洸【白衣】,2,9,1,0,0,,110,148,3,0,0,0,0,業物,1,弾丸節約,1,回避性能,3,挑戦者,1,,,,,,,,,,,,,,,,,5720
ウツシ裏【上衣】真,1,9,1,0,0,,110,148,3,0,0,0,0,業物,1,弾丸節約,1,回避性能,3,挑戦者,1,,,,,,,,,,,,,,,,,5730
依巫・燿【白衣】,2,9,2,1,0,,110,148,3,0,0,0,0,広域化,1,幸運,1,体力回復量ＵＰ,1,,,,,,,,,,,,,,,,,,,5740
コトルＸメイル,0,9,2,1,1,,112,150,4,-2,0,-1,0,ガード強化,2,特殊射撃強化,2,回避性能,1,,,,,,,,,,,,,,,,,,,5760
ガブラスーツＸボディ,0,9,3,1,1,,112,150,1,1,1,1,3,超会心,1,毒属性強化,2,,,,,,,,,,,,,,,,,,,,,5770
ミツネＸメイル,0,9,2,0,0,,114,152,0,2,-3,1,-1,泡沫の舞,1,死中に活,1,体術,2,,,,,,,,,,,,,,,,,,,5780
レウスＸメイル,0,9,3,0,0,,114,152,3,1,-2,1,-3,攻撃,1,破壊王,1,耳栓,1,,,,,,,,,,,,,,,,,,,5790
ジンオウＸメイル,0,9,1,1,1,,116,154,0,-1,4,-4,1,力の解放,1,弱点特効,2,雷属性攻撃強化,2,,,,,,,,,,,,,,,,,,,5800
レックスＸメイル,0,9,2,1,0,,118,156,2,0,-3,0,-2,耳栓,2,フルチャージ,1,,,,,,,,,,,,,,,,,,,,,5810
ディアブロＸメイル,0,9,3,0,0,,118,156,3,-1,-1,-3,-1,ガード性能,2,攻めの守勢,1,,,,,,,,,,,,,,,,,,,,,5820
ゴアメイル,0,9,2,1,0,,112,150,-2,3,-1,2,-1,災禍転福,1,体術,3,,,,,,,,,,,,,,,,,,,,,5830
レギオスメイル,0,9,3,0,0,,114,152,4,0,-3,-2,0,刃鱗磨き,1,回避性能,3,,,,,,,,,,,,,,,,,,,,,5840
ゼクスメイル,0,9,3,1,0,,114,152,0,-1,4,-3,0,連撃,1,スタミナ急速回復,2,,,,,,,,,,,,,,,,,,,,,5850
ルナガロメイル,0,9,4,0,0,,114,152,-4,2,-1,4,-1,挑戦者,2,合気,1,,,,,,,,,,,,,,,,,,,,,5860
エスピナムスケル,0,9,4,0,0,,116,154,3,-1,2,-3,-2,攻勢,1,破壊王,2,,,,,,,,,,,,,,,,,,,,,5870
重装騎士【鎧】,0,9,1,1,0,,114,152,1,1,1,1,1,ガード性能,1,砲術,2,攻めの守勢,1,,,,,,,,,,,,,,,,,,,5880
ホークスーツ,1,9,2,1,0,,110,148,0,0,0,0,0,体術,1,納刀術,1,幸運,1,,,,,,,,,,,,,,,,,,,5890
エコールスーツ,2,9,2,1,0,,110,148,0,0,0,0,0,体術,1,納刀術,1,幸運,1,,,,,,,,,,,,,,,,,,,5900
ディグニジャケット,0,9,2,1,0,,112,150,1,1,1,1,1,高速変形,1,回避性能,1,回避距離ＵＰ,2,,,,,,,,,,,,,,,,,,,5910
バルバニアベスト,0,9,2,2,1,,110,148,1,1,1,1,1,破壊王,1,逆襲,1,逆恨み,1,,,,,,,,,,,,,,,,,,,5920
グローシアメイル,0,9,4,1,0,,112,150,0,0,0,3,0,耐震,1,スタミナ奪取,1,攻撃,1,,,,,,,,,,,,,,,,,,,5930
斉天ノ衣・真,0,9,3,0,0,,116,152,2,1,3,-5,2,火事場力,1,渾身,1,力の解放,2,,,,,,,,,,,,,,,,,,,5940
バゼルＸメイル,0,9,1,1,0,,118,154,3,1,-4,-2,-2,ガード強化,2,挑戦者,2,業物,1,,,,,,,,,,,,,,,,,,,5950
ダマスクＸメイル,0,9,2,1,0,,114,150,-1,2,-3,1,-1,耐震,1,匠,2,貫通弾・貫通矢強化,2,,,,,,,,,,,,,,,,,,,5960
クシャナＸディール,0,9,2,2,0,,120,156,-1,2,-2,3,-3,回復速度,3,匠,2,装填拡張,2,,,,,,,,,,,,,,,,,,,5970
ミヅハ真【胸当て】,0,9,2,1,1,,120,156,-5,1,0,3,-3,心眼,1,弾導強化,1,回避性能,3,,,,,,,,,,,,,,,,,,,5980
カイザーＸメイル,0,9,1,1,0,,120,156,4,-4,1,-1,-3,見切り,2,達人芸,2,弾導強化,2,,,,,,,,,,,,,,,,,,,5990
アークメイル,1,9,2,0,0,,120,156,-2,2,-1,2,-4,狂竜症【蝕】,1,死中に活,2,会心撃【属性】,1,,,,,,,,,,,,,,,,,,,6000
フィリアメイル,2,9,2,0,0,,120,156,-2,2,-1,2,-4,狂竜症【蝕】,1,死中に活,2,会心撃【属性】,1,,,,,,,,,,,,,,,,,,,6010
メルゼメイル,0,9,2,1,0,,120,156,-2,2,2,-1,-5,血氣,1,弱点特効,1,破壊王,1,,,,,,,,,,,,,,,,,,,6020
プロフジャケット,1,9,1,1,0,,114,150,1,1,1,1,1,耳栓,3,腹減り耐性,1,,,,,,,,,,,,,,,,,,,,,6030
シャリテジャケット,2,9,1,1,0,,114,150,1,1,1,1,1,耳栓,3,腹減り耐性,1,,,,,,,,,,,,,,,,,,,,,6040
サージュスーツ,0,9,2,2,1,,114,150,0,0,0,0,0,属性やられ耐性,3,満足感,1,,,,,,,,,,,,,,,,,,,,,6050
シーカーベスト,0,9,2,2,0,,114,150,2,2,2,2,2,幸運,2,回復速度,1,,,,,,,,,,,,,,,,,,,,,6060
メデュレトＸベスト,0,9,2,2,0,,114,150,1,3,0,2,0,爆破属性強化,2,集中,1,ＫＯ術,1,,,,,,,,,,,,,,,,,,,6070
セイラースーツ,0,9,1,1,0,,114,150,0,0,0,0,0,回避性能,4,翔蟲使い,1,,,,,,,,,,,,,,,,,,,,,6080
ギルドパレスメイル,0,9,4,0,0,,120,152,1,2,2,1,1,挑戦者,2,火事場力,1,,,,,,,,,,,,,,,,,,,,,6090
冥淵纏鎧イレバウロ,0,10,3,2,0,,126,160,0,3,-2,3,-5,弱点特効,1,逆恨み,1,連撃,1,,,,,,,,,,,,,,,,,,,6100
しまきのむなさき真,0,10,2,0,0,,122,156,-1,0,0,0,-2,風紋の一致,1,ガード性能,1,ひるみ軽減,1,風雷合一,1,,,,,,,,,,,,,,,,,6110
なるかみのむなさき真,0,10,2,0,0,,122,156,2,1,4,-3,-4,雷紋の一致,1,体術,1,抜刀術【技】,1,風雷合一,1,,,,,,,,,,,,,,,,,6120
赫耀ノメイル・真,0,10,4,1,0,,124,158,-2,-2,-2,-2,3,龍気活性,1,死中に活,2,,,,,,,,,,,,,,,,,,,,,6130
怒天ノ羽織,0,10,3,0,0,,122,156,2,1,3,-5,2,連撃,1,渾身,2,回避距離ＵＰ,1,,,,,,,,,,,,,,,,,,,6140
禍鎧・怨【胸当て】,0,10,4,1,0,,124,158,3,-3,-2,1,1,業鎧【修羅】,1,翔蟲使い,2,,,,,,,,,,,,,,,,,,,,,6150
拠点司令【鎧】,0,10,3,3,0,,118,152,1,1,1,1,1,チャージマスター,1,抜刀術【技】,1,,,,,,,,,,,,,,,,,,,,,6160
プライドメイル,0,10,3,0,0,,123,157,3,0,-2,-3,-1,根性,1,攻撃,1,早食い,2,,,,,,,,,,,,,,,,,,,6190
ゴールドルナメイル,0,10,3,2,0,,120,154,3,-3,-4,-1,2,顕如盤石,2,逆襲,2,精霊の加護,3,,,,,,,,,,,,,,,,,,,6200
シルバーソルメイル,0,10,4,3,1,,122,156,4,-4,-3,-2,3,弱点特効【属性】,1,会心撃【属性】,1,火属性攻撃強化,3,,,,,,,,,,,,,,,,,,,6210
月光【帷子】,0,10,3,1,0,,118,152,3,3,0,-5,-2,闇討ち,1,超会心,1,挑戦者,2,,,,,,,,,,,,,,,,,,,6220
エスピナＺムスケル,0,10,2,2,0,,122,156,3,-4,-1,2,-3,チャージマスター,1,ランナー,2,攻撃,2,,,,,,,,,,,,,,,,,,,6230
陰陽ノ者【狩衣】,0,10,3,2,1,,120,154,2,0,-1,-3,1,煽衛,1,弱点特効,1,スタミナ急速回復,2,,,,,,,,,,,,,,,,,,,6240
ミヅハ醒【宿り衣】,0,10,4,0,0,,125,159,-5,1,0,3,-3,蓄積時攻撃強化,1,霞皮の恩恵,2,翔蟲使い,1,,,,,,,,,,,,,,,,,,,6250
ケイオスメイル,1,10,3,1,0,,118,152,-4,3,-2,2,4,奮闘,1,見切り,2,超会心,2,,,,,,,,,,,,,,,,,,,6260
ネフィリムメイル,2,10,3,1,0,,118,152,-4,3,-2,2,4,奮闘,1,見切り,2,超会心,2,,,,,,,,,,,,,,,,,,,6290
リバルクシャナイラム,0,10,3,2,1,,124,158,-1,2,-2,3,-3,鋼殻の恩恵,2,攻撃,2,業物,2,弾丸節約,2,,,,,,,,,,,,,,,,,6270
リバルカイザーメイル,0,10,2,2,0,,124,158,4,-4,1,-1,-3,粉塵纏,1,弱点特効,1,見切り,3,,,,,,,,,,,,,,,,,,,6280
