#名前,"性別(0=両,1=男,2=女)",レア度,スロット1,スロット2,スロット3,入手時期,初期防御力,最終防御力,火耐性,水耐性,雷耐性,氷耐性,龍耐性,スキル系統1,スキル値1,スキル系統2,スキル値2,スキル系統3,スキル値3,スキル系統4,スキル値4,スキル系統5,スキル値5,生産素材1,個数,生産素材2,個数,生産素材3,個数,生産素材4,個数,カスタム強化防御力,カスタム強化素材1,個数1,カスタム強化素材2,個数2,ワンセット防具,仮番号
カムラノ装【腰巻】覇,0,4,1,1,0,,30,66,2,0,0,0,0,翔蟲使い,1,見切り,1,,,,,,,カブレライト鉱石,1,イズチの剛毛,1,,,,,,,,,,,10
レザーＳベルト,0,4,1,0,0,,30,66,0,0,0,0,0,体力回復量ＵＰ,1,腹減り耐性,2,,,,,,,ファンゴの上毛皮,1,大地の結晶,3,,,,,,,,,,,20
チェーンＳベルト,0,4,1,1,0,,32,68,0,0,1,0,0,植生学,1,ガード性能,1,,,,,,,カブレライト鉱石,2,鉄鉱石,3,,,,,,,,,,,30
ハンターＳコイル,0,4,1,1,0,,32,68,0,0,0,0,0,気絶耐性,2,,,,,,,,,ジャグラスの上皮,2,ジャグラスの上鱗,1,,,,,,,,,,,40
アロイＳコイル,0,4,1,1,0,,32,68,-1,0,-1,-1,0,水属性攻撃強化,2,見切り,1,,,,,,,グラシスメタル,2,大地の結晶,3,マカライト鉱石,2,,,,,,,,,50
ボーンＳコイル,0,4,2,1,0,,32,68,0,0,0,-1,0,集中,1,,,,,,,,,ねじれた堅怪骨,2,咬魚の上ヒゲ,2,鋭利な牙,1,,,,,,,,,60
スカルダＳアンカ,1,4,0,0,0,,32,68,3,-1,-1,-1,3,弱点特効,2,,,,,,,,,毒クモリ,1,上質な腹袋,2,泥翁竜の逆鱗,1,,,,,,,,,70
スパイオＳアンカ,2,4,0,0,0,,32,68,3,-1,-1,-1,3,弱点特効,2,,,,,,,,,毒クモリ,1,上質な腹袋,2,泥翁竜の逆鱗,1,,,,,,,,,80
ブナハＳコイル,0,4,1,1,0,,34,70,-2,0,0,0,2,麻痺属性強化,1,回避性能,1,,,,,,,飛甲虫の堅殻,2,モンスターの濃汁,2,臣蜘蛛の糸,2,,,,,,,,,90
イズチＳコイル,0,4,1,1,0,,36,72,2,-1,-2,0,0,見切り,2,,,,,,,,,鎌鼬竜の上毛,3,鎌鼬竜の上皮,1,上質な毛皮,2,,,,,,,,,100
バギィＳコイル,0,4,1,0,0,,36,72,-4,-1,-1,2,1,攻撃,2,睡眠耐性,1,,,,,,,眠狗竜の上皮,2,眠狗竜の尖爪,2,鋭利な牙,2,上竜骨,1,,,,,,,110
クルルＳコイル,0,4,1,1,0,,38,74,0,-3,0,1,0,スタミナ奪取,1,渾身,1,,,,,,,掻鳥の上皮,3,掻鳥の上鱗,2,掻鳥の大飾り羽,2,上質な堅骨,1,,,,,,,120
フロギィＳコイル,0,4,1,0,0,,38,74,2,-2,1,-4,0,装填拡張,1,毒属性強化,2,,,,,,,毒狗竜の上皮,3,毒狗竜の堅腕甲,2,フロギィの上鱗,2,,,,,,,,,130
アシラＳコイル,0,4,1,1,0,,36,72,-2,0,-2,0,0,逆襲,1,防御,1,,,,,,,青熊獣の剛毛,4,青熊獣の堅殻,1,堅牢な骨,1,,,,,,,,,140
ウルクＳコイル,0,4,2,0,0,,36,72,-3,1,0,3,0,体術,2,,,,,,,,,白兎獣の剛毛,4,白兎獣の凍爪,1,上質な毛皮,2,,,,,,,,,150
アケノＳコイル,0,4,3,1,0,,38,74,3,-3,-1,0,0,納刀術,1,,,,,,,,,傘鳥の大トサカ,1,傘鳥の上羽鱗,3,鎌鼬竜の上皮,2,,,,,,,,,160
フルフルＳコイル,0,4,1,1,0,,38,74,-4,1,4,2,1,集中,1,ＫＯ術,1,,,,,,,真珠色の柔皮,3,怪しげな鋭牙,2,上質な毛皮,1,ドラグライト鉱石,2,,,,,,,170
ヨツミＳコイル,0,4,2,0,0,,40,76,-1,4,-2,1,0,火事場力,2,,,,,,,,,河童蛙の上皮,4,河童蛙の大皿,2,河童蛙の苔堅甲,1,大地の結晶,4,,,,,,,180
インゴットＳコイル,0,4,2,0,0,,40,74,-1,-1,1,0,0,強化持続,2,,,,,,,,,ユニオン鉱石,1,ドラグライト鉱石,3,グラシスメタル,1,毒狗竜の上皮,2,,,,,,,190
エーデルＳオッハ,0,4,2,0,0,,40,74,-1,3,-1,0,0,体力回復量ＵＰ,1,,,,,,,,,星見の麗花,2,大水袋,1,流水草,2,水生獣の上皮,2,,,,,,,200
リノプロＳコイル,0,4,3,1,0,,42,76,2,0,0,-2,0,耐震,2,,,,,,,,,草食竜の堅殻,2,草食竜の頭殻,1,カブレライト鉱石,3,,,,,,,,,210
ドロスＳコイル,0,4,3,1,0,,42,76,-2,4,-1,0,0,陽動,1,,,,,,,,,水生獣の上皮,2,水生獣の皮,2,鋭利な爪,3,咬魚の上皮,1,,,,,,,220
ラングロＳコイル,0,4,1,1,0,,50,84,2,-3,0,-1,1,高速変形,1,,,,,,,,,赤甲獣の蛇腹甲,3,赤甲獣の堅殻,1,堅牢な骨,2,カブレライト鉱石,3,,,,,,,230
ルドロスＳコイル,0,4,1,0,0,,48,82,-3,4,-1,0,0,ランナー,1,フルチャージ,2,,,,,,,海綿質の上皮,4,水獣の鋭爪,1,水獣の尻尾,1,鋭利な爪,2,,,,,,,240
ボロスＳコイル,0,4,1,0,0,,50,84,-3,-1,3,-1,0,ガード性能,2,防御,1,,,,,,,土砂竜の堅甲,4,土砂竜の堅殻,1,上質なヒレ,3,,,,,,,,,250
テンゴＳコイル,0,5,1,1,0,,52,86,-2,2,2,-4,2,アイテム使用強化,1,渾身,1,,,,,,,天狗獣の剛毛,3,天狗獣の上腕羽,2,天狗獣の尖爪,1,イズチの剛毛,3,,,,,,,260
プケプケＳコイル,0,5,2,1,0,,50,84,0,3,-3,0,1,弾丸節約,1,毒属性強化,2,,,,,,,毒妖鳥の上鱗,4,毒妖鳥の堅殻,1,尖竜骨,1,ドラグライト鉱石,2,,,,,,,270
ジュラコイル,0,5,1,1,0,,48,82,-1,2,-3,0,0,ガード強化,1,強化持続,1,攻めの守勢,1,,,,,泥魚竜の堅殻,4,泥魚竜の上ヒレ,2,咬魚の上ヒゲ,2,尖竜骨,1,,,,,,,280
バサルＳコイル,0,5,2,0,0,,52,86,0,-2,1,1,-3,砥石使用高速化,2,防御,2,,,,,,,岩竜の堅殻,4,爆炎袋,1,ユニオン鉱石,2,大地の結晶,3,,,,,,,290
レイアＳコイル,0,5,2,0,0,,52,86,3,0,-2,0,-3,体力回復量ＵＰ,2,広域化,1,,,,,,,雌火竜の上鱗,3,雌火竜の堅殻,1,雌火竜の翼膜,2,カブレライト鉱石,3,,,,,,,300
クロムメタルコイル,0,5,3,2,1,,46,70,-2,-2,-2,-2,-2,,,,,,,,,,,ノヴァクリスタル,1,獄炎石,1,ユニオン鉱石,3,迅竜の鋭刃翼,2,,,,,,,310
ドーベルコイル,0,5,2,0,0,,52,76,-2,0,0,0,4,龍属性攻撃強化,1,攻撃,2,,,,,,,尖竜骨,3,埋もれた竜骨骸,2,眠狗竜の上皮,2,ジャグラスの上皮,1,,,,,,,320
アルブーロＳパレオ,0,5,3,1,0,,52,76,0,-2,1,-1,0,弾導強化,1,,,,,,,,,マクラサカガイ,1,泡狐竜の上錦ヒレ,2,鎌鼬竜の上皮,2,グラシスメタル,2,,,,,,,330
メルホアＳオッハ,0,5,2,0,0,,52,76,0,1,3,0,0,植生学,1,回復速度,1,,,,,,,ドスビスカス,1,落陽草,3,臣蜘蛛の絹糸,2,埋もれた竜骨骸,2,,,,,,,340
デスギアＳナーベル,0,5,1,1,0,,52,76,3,1,1,-1,0,剛刃研磨,1,渾身,1,,,,,,,禍々しい闇布,1,翼蛇竜の上皮,2,上質な堅骨,1,鋭利な牙,2,,,,,,,350
マギュルＳオッハ,0,5,1,0,0,,52,76,-3,1,0,3,0,火属性攻撃強化,3,,,,,,,,,ワヲンパンプキン,1,怪力の種,2,甲虫の大顎,1,臣蜘蛛の絹糸,3,,,,,,,360
ヴァイクＳコイル,0,5,2,0,0,,52,76,0,3,-2,-1,0,通常弾・連射矢強化,1,,,,,,,,,ヨロイシダイ,1,サシミウオ,2,咬魚の上皮,2,カブレライト鉱石,3,,,,,,,370
マカルパＳコイル,0,5,3,0,0,,52,76,1,2,-2,0,0,睡眠耐性,1,,,,,,,,,春夜鯉,1,小金魚,2,垂皮竜の上皮,2,ドラグライト鉱石,2,,,,,,,380
ウツシ表【腰巻】覇,1,5,3,0,0,,52,76,3,0,0,0,0,早食い,1,満足感,1,,,,,,,カムラチケット,2,人魚竜の微睡み粉,2,堅竜骨,1,獄炎石,1,,,,,,,390
ウツシ裏【腰巻】覇,1,5,2,0,0,,52,76,3,0,0,0,0,挑戦者,2,翔蟲使い,1,,,,,,,カムラチケット,2,人魚竜の尖鉤爪,2,堅竜骨,1,獄炎石,1,,,,,,,400
依巫・祈【腰巻】,2,5,3,0,0,,52,76,3,0,0,0,0,早食い,1,満足感,1,,,,,,,カムラチケット,2,人魚竜の微睡み粉,2,堅竜骨,1,獄炎石,1,,,,,,,410
神凪・願【腰巻】,2,5,2,0,0,,52,76,3,0,0,0,0,挑戦者,2,翔蟲使い,1,,,,,,,カムラチケット,2,人魚竜の尖鉤爪,2,堅竜骨,1,獄炎石,1,,,,,,,420
コトルＳコイル,0,5,2,1,0,,52,76,4,-2,0,-1,0,火属性攻撃強化,2,,,,,,,,,溶岩獣の上鱗,5,上質なヒレ,2,鋭利な牙,1,ユニオン鉱石,2,,,,,,,430
ガブラスーツＳベルト,0,5,1,1,0,,52,76,1,1,1,1,3,会心撃【属性】,2,,,,,,,,,翼蛇竜の上皮,3,迅竜の上鱗,1,猛毒袋,1,尖竜骨,2,,,,,,,440
イソネＳコイル,0,5,3,0,0,,58,82,-1,2,-3,0,1,睡眠属性強化,1,ボマー,1,,,,,,,人魚竜の上鱗,3,人魚竜の尖鉤爪,3,人魚竜の怒髪ヒレ,2,上質なヒレ,1,,,,,,,450
ベリオＳコイル,0,5,1,0,0,,58,82,-3,0,-1,3,0,抜刀術【技】,1,見切り,2,,,,,,,氷牙竜の堅殻,4,凍結袋,1,氷牙竜の尻尾,2,眠狗竜の上皮,2,,,,,,,460
カガチＳコイル,0,5,1,1,0,,58,82,0,-3,3,0,0,心眼,2,,,,,,,,,飛雷竜の上毛皮,4,飛雷竜の尖爪,2,飛雷竜の皮膜,1,青熊獣の堅殻,2,,,,,,,470
ジャナフＳコイル,0,6,2,1,1,,60,96,3,-3,-1,-1,0,攻撃,2,,,,,,,,,蛮顎竜の上毛皮,4,蛮顎竜の上鱗,2,堅竜骨,2,蛮顎竜の宝玉,1,,,,,,,480
ナルガＳコイル,0,6,2,0,0,,60,96,-2,1,-3,1,1,回避距離ＵＰ,2,見切り,1,,,,,,,迅竜の上黒毛,4,迅竜の鋭刃翼,2,堅竜骨,2,迅竜の延髄,1,,,,,,,490
ミツネＳコイル,0,6,2,1,0,,60,96,0,2,-3,1,-1,泡沫の舞,1,満足感,1,,,,,,,泡狐竜の紫上毛,4,泡狐竜の尻尾,1,泡狐竜の上錦ヒレ,2,真珠色の柔皮,2,,,,,,,500
レウスＳコイル,0,6,2,0,0,,62,98,3,1,-2,1,-3,攻撃,2,風圧耐性,1,,,,,,,火竜の上鱗,4,火竜の堅殻,1,火竜の翼,2,火竜の紅玉,1,,,,,,,510
ジンオウＳコイル,0,6,3,1,0,,62,98,0,-1,4,-4,1,力の解放,1,,,,,,,,,雷狼竜の堅殻,3,雷狼竜の高電毛,3,雷狼竜の尻尾,1,雷狼竜の碧玉,1,,,,,,,520
ロワーガＳアンカ,1,6,1,0,0,,62,84,-2,0,3,-2,2,龍属性攻撃強化,3,,,,,,,,,オオクワアゲハ,1,いにしえの龍骨,1,火竜の上鱗,2,モンスターの濃汁,2,,,,,,,530
ファルメルＳアンカ,2,6,1,0,0,,62,84,-2,0,3,-2,2,龍属性攻撃強化,3,,,,,,,,,オオクワアゲハ,1,いにしえの龍骨,1,火竜の上鱗,2,モンスターの濃汁,2,,,,,,,540
メデュレトＳコイル,0,6,2,1,0,,62,84,1,3,0,2,0,破壊王,2,,,,,,,,,ゴスゴシックラゲ,1,泡狐竜の上錦ヒレ,1,大水袋,2,グラシスメタル,2,,,,,,,550
禍鎧・覇【腰当て】,0,6,3,0,0,,64,100,3,-3,-2,1,1,鬼火纏,1,,,,,,,,,怨虎竜の上鱗,4,怨虎竜の槍刃尾,1,怨虎竜の妖腕刃,2,怨虎竜の逆鱗,1,,,,,,,560
ゴシャＳコイル,0,6,2,1,0,,64,100,-4,1,-1,4,0,抜刀術【力】,1,逆恨み,1,,,,,,,雪鬼獣の上皮,4,雪鬼獣の尖拳爪,2,雪鬼獣の剛毛,1,獣玉,1,,,,,,,570
オロミドＳコイル,0,6,2,1,0,,64,100,-4,3,3,-2,-2,回避性能,1,強化持続,1,,,,,,,泥翁竜の上鱗,4,泥翁竜の剛毛ヒレ,3,泥翁竜の堅殻,1,泥魚竜の上ヒレ,1,,,,,,,580
レックスＳコイル,0,6,2,1,0,,64,100,2,0,-3,0,-2,耳栓,2,,,,,,,,,轟竜の堅殻,4,轟竜の尖爪,3,轟竜の鋭牙,1,竜玉,2,,,,,,,590
ディアブロＳコイル,0,6,1,1,0,,64,100,3,-1,-1,-3,-1,ガード性能,1,スタミナ急速回復,1,,,,,,,角竜の堅殻,3,角竜の堅甲,2,角竜の骨髄,1,堅竜骨,2,,,,,,,600
ヤツカダコイル,0,6,2,2,0,,66,102,4,-2,-1,-3,1,散弾・拡散矢強化,1,,,,,,,,,妃蜘蛛の堅殻,4,妃蜘蛛の灯腹,1,妃蜘蛛の絹糸,3,妃蜘蛛の鉤棘,1,,,,,,,610
金色ノ帯,0,7,1,0,0,,70,106,2,1,3,-5,2,火事場力,1,超会心,1,渾身,1,,,,,金獅子の尖爪,3,金獅子の黒毛,2,金獅子の鋭牙,1,尖竜骨,2,,,,,,,620
ダマスクコイル,0,7,1,0,0,,68,104,-1,2,-3,1,-1,耳栓,1,匠,1,,,,,,,古龍の血,2,人魚竜の堅殻,2,黄金色の粘泥土,1,ユニオン鉱石,3,,,,,,,
クシャナアンダ,0,7,1,0,0,,74,110,-1,2,-2,3,-3,鋼殻の恩恵,1,回復速度,1,匠,1,貫通弾・貫通矢強化,1,,,鋼龍の堅殻,5,鋼龍の翼,2,古龍の血,2,鋼龍の宝玉,1,,,,,,,
ミヅハ【丸帯】,0,7,1,0,0,,74,110,-5,1,0,3,-3,霞皮の恩恵,1,毒属性強化,1,フルチャージ,2,,,,,霞龍の尖爪,5,霞龍の翼,3,古龍の血,1,真珠色の柔皮,2,,,,,,,
カイザーコイル,0,7,3,0,0,,74,110,4,-4,1,-1,-3,炎鱗の恩恵,1,見切り,1,,,,,,,獄炎の龍鱗,5,炎龍の翼,2,炎王龍の尖角,1,古龍骨,3,,,,,,,
バゼルコイル,0,7,2,2,0,,72,108,3,1,-4,-2,-2,砲弾装填,1,ガード性能,1,,,,,,,爆鱗竜の上鱗,4,爆鱗竜の尖爪,3,爆鱗竜の堅殻,1,爆炎袋,2,,,,,,,630
しまきのこしもと,0,7,0,0,0,,66,102,-1,0,0,0,-2,風紋の一致,1,強化持続,1,回避性能,1,風雷合一,1,,,風神龍の上皮,5,風神龍の尖爪,2,風神龍の碧棘,1,風神の龍玉,1,,,,,,,
なるかみのこしもと,0,7,0,0,0,,76,112,2,1,4,-3,-4,雷紋の一致,1,ガード性能,1,砲術,1,風雷合一,1,,,雷神龍の上皮,5,雷神龍の尖爪,2,雷神龍の雷袋,1,飛雷竜の雷極針,2,,,,,,,640
赫耀ノコイル,0,7,2,0,0,,80,116,-2,-2,-2,-2,3,龍気活性,1,死中に活,1,逆恨み,2,,,,,奇絶の赫灼殻,6,煮えたぎる赫耀液,2,赫赫の槍翼,2,爆鱗竜の爆腺,2,,,,,,,
蒼世ノ侍【帯】,0,7,3,1,0,,72,108,2,2,0,0,2,納刀術,1,水属性攻撃強化,2,会心撃【属性】,1,,,,,,,,,,,,,,,,,,,
カムラノ装【腰巻】継,0,8,4,1,0,,80,130,2,0,0,0,0,翔蟲使い,1,見切り,1,,,,,,,,,,,,,,,,,,,,,5000
レザーＸベルト,0,8,2,1,0,,80,130,0,0,0,0,0,体力回復量ＵＰ,2,腹減り耐性,2,,,,,,,,,,,,,,,,,,,,,5010
チェーンＸベルト,0,8,1,1,1,,82,132,0,0,1,0,0,ガード性能,2,ひるみ軽減,1,防御,2,,,,,,,,,,,,,,,,,,,5020
ハンターＸコイル,0,8,1,1,0,,82,132,0,0,0,0,0,気絶耐性,2,匠,1,アイテム使用強化,1,,,,,,,,,,,,,,,,,,,5030
アロイＸコイル,0,8,3,1,0,,82,132,-1,0,-1,-1,0,水属性攻撃強化,3,見切り,1,,,,,,,,,,,,,,,,,,,,,5040
ボーンＸコイル,0,8,2,1,0,,82,132,0,0,0,-1,0,集中,1,破壊王,2,,,,,,,,,,,,,,,,,,,,,5050
リノプロＸコイル,0,8,4,0,0,,90,140,2,0,0,-2,0,耐震,2,砲弾装填,1,特殊射撃強化,1,,,,,,,,,,,,,,,,,,,5060
ドロスＸコイル,0,8,4,1,0,,90,140,-2,4,-1,0,0,陽動,1,逆恨み,1,,,,,,,,,,,,,,,,,,,,,5070
ブナハＸコイル,0,8,3,1,0,,84,134,-2,0,0,0,2,麻痺属性強化,2,回避性能,1,,,,,,,,,,,,,,,,,,,,,5080
タロスフォールド,0,8,4,0,0,,86,136,-1,-1,-1,-1,4,龍属性攻撃強化,2,龍耐性,3,,,,,,,,,,,,,,,,,,,,,5090
ランゴフォールド,0,8,4,1,0,,84,134,-2,1,1,1,2,納刀術,1,麻痺耐性,1,,,,,,,,,,,,,,,,,,,,,5100
ランポスフォールド,0,8,4,0,0,,86,136,0,0,0,-2,0,攻撃,1,捕獲名人,1,,,,,,,,,,,,,,,,,,,,,5130
イズチＸコイル,0,8,1,1,0,,86,136,2,-1,-2,0,0,見切り,2,体術,1,,,,,,,,,,,,,,,,,,,,,5140
バギィＸコイル,0,8,3,0,0,,86,136,-4,-1,-1,2,1,攻撃,2,睡眠耐性,1,,,,,,,,,,,,,,,,,,,,,5150
クルルＸコイル,0,8,4,1,0,,86,136,0,-3,0,1,0,スタミナ奪取,1,渾身,1,,,,,,,,,,,,,,,,,,,,,5160
フロギィＸコイル,0,8,1,0,0,,88,138,2,-2,1,-4,0,装填拡張,2,毒属性強化,2,,,,,,,,,,,,,,,,,,,,,5170
アシラＸコイル,0,8,2,1,0,,86,136,-2,0,-2,0,0,逆襲,1,防御,3,早食い,1,,,,,,,,,,,,,,,,,,,5180
ウルクＸコイル,0,8,2,0,0,,86,136,-3,1,0,3,0,体術,3,,,,,,,,,,,,,,,,,,,,,,,5190
ラングロＸコイル,0,8,2,0,0,,94,144,2,-3,0,-1,1,耳栓,2,,,,,,,,,,,,,,,,,,,,,,,5200
アケノＸコイル,0,8,4,1,0,,88,138,3,-3,-1,0,0,納刀術,1,会心撃【属性】,1,,,,,,,,,,,,,,,,,,,,,5210
ルドロスＸコイル,0,8,2,0,0,,92,142,-3,4,-1,0,0,ランナー,1,フルチャージ,2,,,,,,,,,,,,,,,,,,,,,5220
ボロスＸコイル,0,8,3,0,0,,94,144,-3,-1,3,-1,0,ガード性能,3,防御,1,,,,,,,,,,,,,,,,,,,,,5230
ザザミコイル,0,8,2,2,0,,94,144,-5,1,-3,-1,2,チューンアップ,1,匠,1,納刀術,1,,,,,,,,,,,,,,,,,,,5240
ヨツミＸコイル,0,8,2,0,0,,90,140,-1,4,-2,1,0,火事場力,2,回避距離ＵＰ,2,,,,,,,,,,,,,,,,,,,,,5250
インゴットＸコイル,0,8,3,0,0,,94,136,-1,-1,1,0,0,強化持続,2,攻撃,1,,,,,,,,,,,,,,,,,,,,,5260
スカルダＸアンカ,1,8,1,0,0,,98,140,3,-1,-1,-1,3,弱点特効,2,毒耐性,1,,,,,,,,,,,,,,,,,,,,,5270
スパイオＸアンカ,2,8,1,0,0,,98,140,3,-1,-1,-1,3,弱点特効,2,毒耐性,1,,,,,,,,,,,,,,,,,,,,,5280
エーデルＸオッハ,0,8,4,2,0,,96,138,-1,3,-1,0,0,体力回復量ＵＰ,1,広域化,1,,,,,,,,,,,,,,,,,,,,,5300
アルブーロＸパレオ,0,8,4,1,0,,96,138,0,2,1,-1,0,弾導強化,1,通常弾・連射矢強化,1,,,,,,,,,,,,,,,,,,,,,5310
メルホアＸオッハ,0,8,4,2,0,,92,140,0,1,3,0,0,植生学,1,回復速度,1,スタミナ急速回復,1,,,,,,,,,,,,,,,,,,,5320
ゴギョウノオビ,0,8,4,0,0,,100,142,0,0,0,0,3,属性やられ耐性,2,乗り名人,1,,,,,,,,,,,,,,,,,,,,,5330
軽装騎士【帯甲】,0,8,3,0,0,,100,138,1,1,1,1,1,弱点特効,1,超会心,1,攻めの守勢,1,,,,,,,,,,,,,,,,,,,5340
ユクモノオビ,0,8,2,1,0,,92,134,0,0,2,0,0,見切り,1,回避性能,1,耳栓,1,,,,,,,,,,,,,,,,,,,5350
フルフルＸコイル,0,8,4,1,1,,96,138,-4,1,4,2,1,集中,1,ＫＯ術,1,,,,,,,,,,,,,,,,,,,,,5370
テンゴＸコイル,0,8,1,1,0,,96,138,-2,2,2,-4,2,アイテム使用強化,1,渾身,2,早食い,1,,,,,,,,,,,,,,,,,,,5380
テンゴＺコイル,0,8,1,0,0,,96,138,2,-4,-2,0,2,爆破属性強化,2,匠,2,散弾・拡散矢強化,2,,,,,,,,,,,,,,,,,,,5390
プケプケＸコイル,0,8,4,2,0,,96,138,0,3,-3,0,1,弾丸節約,1,毒属性強化,2,,,,,,,,,,,,,,,,,,,,,5400
ジュラＸコイル,0,8,1,1,0,,96,138,-1,2,-3,0,0,ガード強化,1,強化持続,1,攻めの守勢,2,,,,,,,,,,,,,,,,,,,5410
バサルＸコイル,0,8,4,0,0,,100,142,0,-2,1,1,-3,砥石使用高速化,2,防御,3,力の解放,1,装填速度,1,,,,,,,,,,,,,,,,,5420
イソネＸコイル,0,8,4,0,0,,96,138,-1,2,-3,0,1,睡眠属性強化,1,ボマー,1,装填拡張,1,,,,,,,,,,,,,,,,,,,5430
イソネＺコイル,0,8,4,2,0,,108,146,-3,1,-1,3,2,達人芸,1,氷属性攻撃強化,2,,,,,,,,,,,,,,,,,,,,,5440
レイアＸコイル,0,8,2,0,0,,96,138,3,0,-2,0,-3,体力回復量ＵＰ,2,広域化,1,挑戦者,1,,,,,,,,,,,,,,,,,,,5450
カガチＸコイル,0,8,4,1,0,,96,138,0,-3,3,0,0,心眼,2,会心撃【属性】,1,貫通弾・貫通矢強化,1,,,,,,,,,,,,,,,,,,,5460
ジャナフＸコイル,0,8,4,1,1,,98,140,3,-3,-1,-1,0,攻撃,2,,,,,,,,,,,,,,,,,,,,,,,5470
ドーベルＸコイル,0,8,2,0,0,,104,142,-2,0,0,0,4,龍属性攻撃強化,1,攻撃,2,ランナー,2,,,,,,,,,,,,,,,,,,,5490
ヴァイクＸコイル,0,8,4,0,0,,100,138,0,3,-2,-1,0,通常弾・連射矢強化,1,回復速度,2,業物,1,,,,,,,,,,,,,,,,,,,5500
マギュルＸオッハ,0,8,4,0,0,,100,138,-3,1,0,3,0,火属性攻撃強化,3,ひるみ軽減,1,会心撃【属性】,1,,,,,,,,,,,,,,,,,,,5510
デスギアＸナーベル,0,8,2,1,0,,110,148,3,1,1,-1,0,剛刃研磨,1,渾身,1,攻撃,1,,,,,,,,,,,,,,,,,,,5520
マカルパＸコイル,0,8,3,2,0,,104,142,1,2,-2,0,0,睡眠耐性,1,水属性攻撃強化,2,死中に活,1,,,,,,,,,,,,,,,,,,,5530
ロワーガＸアンカ,1,8,4,0,0,,110,148,-2,0,3,-2,2,龍属性攻撃強化,3,見切り,1,,,,,,,,,,,,,,,,,,,,,5540
ファルメルＸアンカ,2,8,4,0,0,,110,148,-2,0,3,-2,2,龍属性攻撃強化,3,見切り,1,,,,,,,,,,,,,,,,,,,,,5550
砲術隊【腰】,0,8,2,0,0,,106,144,1,1,1,1,1,装填拡張,2,装填速度,1,,,,,,,,,,,,,,,,,,,,,5560
ギルドバードコイル,1,8,4,1,0,,104,142,0,0,0,0,0,回避性能,1,幸運,1,笛吹き名人,1,,,,,,,,,,,,,,,,,,,5570
スカラースカート,2,8,4,1,0,,104,142,0,0,0,0,0,回避性能,1,幸運,1,笛吹き名人,1,,,,,,,,,,,,,,,,,,,5580
ガーディアンコイル,0,8,4,1,1,,108,146,2,0,0,2,3,陽動,1,砥石使用高速化,1,属性やられ耐性,2,,,,,,,,,,,,,,,,,,,5590
ブリゲイドＸコイル,0,8,3,1,0,,106,144,1,0,2,0,2,幸運,2,,,,,,,,,,,,,,,,,,,,,,,5600
ベリオＸコイル,0,8,1,0,0,,108,146,-5,0,-1,3,0,抜刀術【技】,1,見切り,3,破壊王,1,,,,,,,,,,,,,,,,,,,5610
禍鎧・真【腰当て】,0,8,4,0,0,,110,148,3,-3,-2,1,1,鬼火纏,1,耳栓,1,,,,,,,,,,,,,,,,,,,,,5620
ナルガＸコイル,0,8,2,0,0,,108,146,-2,1,-3,1,1,回避距離ＵＰ,2,見切り,2,ひるみ軽減,1,,,,,,,,,,,,,,,,,,,5630
ゴシャＸコイル,0,8,2,1,1,,106,144,-4,1,-1,4,0,抜刀術【力】,1,逆恨み,2,納刀術,1,,,,,,,,,,,,,,,,,,,5640
ゴルムフォールド,0,8,3,2,0,,112,150,-1,3,-2,0,2,供応,1,集中,1,渾身,2,,,,,,,,,,,,,,,,,,,5650
ギザミコイル,0,8,1,0,0,,108,146,-3,1,-4,-1,2,研磨術【鋭】,1,匠,1,見切り,2,,,,,,,,,,,,,,,,,,,5660
オロミドＸコイル,0,8,4,1,0,,108,146,-4,3,3,-2,-2,回避性能,2,強化持続,1,弾丸節約,1,,,,,,,,,,,,,,,,,,,5670
ヤツカダＸコイル,0,8,2,2,0,,108,146,4,-2,-1,-3,0,散弾・拡散矢強化,1,弾丸節約,1,チューンアップ,1,,,,,,,,,,,,,,,,,,,5680
オロミドＺコイル,0,9,3,3,0,,112,150,5,-5,0,-4,0,死中に活,1,ガード強化,1,,,,,,,,,,,,,,,,,,,,,5690
ヤツカダＺコイル,0,9,3,0,0,,112,150,2,-4,2,-2,2,フルチャージ,2,爆破属性強化,2,,,,,,,,,,,,,,,,,,,,,5700
ウツシ表【腰巻】真,1,9,4,0,0,,110,148,3,0,0,0,0,早食い,1,満足感,1,体力回復量ＵＰ,1,,,,,,,,,,,,,,,,,,,5710
神凪・洸【腰巻】,2,9,2,0,0,,110,148,3,0,0,0,0,挑戦者,2,翔蟲使い,1,攻撃,1,,,,,,,,,,,,,,,,,,,5720
ウツシ裏【腰巻】真,1,9,2,0,0,,110,148,3,0,0,0,0,挑戦者,2,翔蟲使い,1,攻撃,1,,,,,,,,,,,,,,,,,,,5730
依巫・燿【腰巻】,2,9,4,0,0,,110,148,3,0,0,0,0,早食い,1,満足感,1,体力回復量ＵＰ,1,,,,,,,,,,,,,,,,,,,5740
クロムメタルＸコイル,0,9,3,2,1,,110,148,-2,-2,-2,-2,-2,ひるみ軽減,1,,,,,,,,,,,,,,,,,,,,,,,5750
コトルＸコイル,0,9,3,0,0,,112,150,4,-2,0,-1,0,ガード強化,1,特殊射撃強化,1,回避性能,1,,,,,,,,,,,,,,,,,,,5760
ガブラスーツＸベルト,0,9,2,2,0,,112,150,1,1,1,1,3,会心撃【属性】,2,毒耐性,1,,,,,,,,,,,,,,,,,,,,,5770
ミツネＸコイル,0,9,4,1,0,,114,152,0,2,-3,1,-1,泡沫の舞,1,満足感,1,体術,1,,,,,,,,,,,,,,,,,,,5780
レウスＸコイル,0,9,2,0,0,,114,152,3,1,-2,1,-3,攻撃,2,風圧耐性,3,超会心,1,,,,,,,,,,,,,,,,,,,5790
ジンオウＸコイル,0,9,3,1,0,,116,154,0,-1,4,-4,1,力の解放,1,会心撃【属性】,1,雷属性攻撃強化,3,,,,,,,,,,,,,,,,,,,5800
レックスＸコイル,0,9,2,1,0,,118,156,2,0,-3,0,-2,耳栓,2,フルチャージ,1,,,,,,,,,,,,,,,,,,,,,5810
ディアブロＸコイル,0,9,4,1,0,,118,156,3,-1,-1,-3,-1,火事場力,1,スタミナ急速回復,2,,,,,,,,,,,,,,,,,,,,,5820
ゴアコイル,0,9,4,2,0,,112,150,-2,3,-1,2,-1,災禍転福,1,挑戦者,1,,,,,,,,,,,,,,,,,,,,,5830
レギオスコイル,0,9,4,1,1,,114,152,4,0,-3,-2,0,壁面移動【翔】,1,壁面移動,2,,,,,,,,,,,,,,,,,,,,,5840
ゼクスコイル,0,9,2,1,0,,114,152,0,-1,4,-3,0,強化持続,3,砥石使用高速化,2,,,,,,,,,,,,,,,,,,,,,5850
ルナガロコイル,0,9,4,0,0,,114,152,-4,2,-1,4,-1,力の解放,2,翔蟲使い,1,,,,,,,,,,,,,,,,,,,,,5860
エスピナナーベル,0,9,3,1,0,,116,154,3,-1,2,-3,-2,挑戦者,2,剛刃研磨,1,,,,,,,,,,,,,,,,,,,,,5870
重装騎士【帯甲】,0,9,0,0,0,,114,152,1,1,1,1,1,ガード性能,1,納刀術,1,攻めの守勢,2,,,,,,,,,,,,,,,,,,,5880
ホークコイル,1,9,1,1,1,,110,148,0,0,0,0,0,早食い,2,体術,2,,,,,,,,,,,,,,,,,,,,,5890
エコールスカート,2,9,1,1,1,,110,148,0,0,0,0,0,早食い,2,体術,2,,,,,,,,,,,,,,,,,,,,,5900
ディグニクイス,0,9,3,0,0,,112,150,1,1,1,1,1,集中,1,回避性能,2,業物,1,,,,,,,,,,,,,,,,,,,5910
バルバニアベルト,0,9,2,1,1,,110,148,1,1,1,1,1,弱点特効,1,逆襲,1,幸運,1,,,,,,,,,,,,,,,,,,,5920
グローシアコイル,0,9,3,0,0,,112,150,0,0,0,3,0,耐震,2,スタミナ奪取,1,攻撃,1,,,,,,,,,,,,,,,,,,,5930
斉天ノ帯・真,0,9,4,0,0,,116,152,2,1,3,-5,2,火事場力,1,超会心,1,渾身,1,,,,,,,,,,,,,,,,,,,5940
バゼルＸコイル,0,9,2,2,0,,118,154,3,1,-4,-2,-2,砲弾装填,2,ガード性能,1,業物,1,,,,,,,,,,,,,,,,,,,5950
ダマスクＸコイル,0,9,2,0,0,,114,150,-1,2,-3,1,-1,耳栓,1,匠,1,貫通弾・貫通矢強化,1,属性やられ耐性,1,,,,,,,,,,,,,,,,,5960
クシャナＸアンダ,0,9,2,0,0,,120,156,-1,2,-2,3,-3,鋼殻の恩恵,1,挑戦者,3,,,,,,,,,,,,,,,,,,,,,5970
ミヅハ真【丸帯】,0,9,1,1,1,,120,156,-5,1,0,3,-3,霞皮の恩恵,1,フルチャージ,2,攻勢,1,,,,,,,,,,,,,,,,,,,5980
カイザーＸコイル,0,9,3,0,0,,120,156,4,-4,1,-1,-3,炎鱗の恩恵,2,見切り,1,,,,,,,,,,,,,,,,,,,,,5990
アークコイル,1,9,4,0,0,,120,156,-2,2,-1,2,-4,災禍転福,1,業物,2,弾丸節約,2,,,,,,,,,,,,,,,,,,,6000
フィリアコイル,2,9,4,0,0,,120,156,-2,2,-1,2,-4,災禍転福,1,業物,2,弾丸節約,2,,,,,,,,,,,,,,,,,,,6010
メルゼコイル,0,9,1,1,0,,120,156,-2,2,2,-1,-5,血氣,2,破壊王,1,攻撃,1,,,,,,,,,,,,,,,,,,,6020
プロフベルト,1,9,2,2,1,,114,150,1,1,1,1,1,耐震,3,ひるみ軽減,2,,,,,,,,,,,,,,,,,,,,,6030
シャリテスカート,2,9,2,2,1,,114,150,1,1,1,1,1,耐震,3,ひるみ軽減,2,,,,,,,,,,,,,,,,,,,,,6040
サージュコイル,0,9,3,1,1,,114,150,0,0,0,0,0,納刀術,3,満足感,1,,,,,,,,,,,,,,,,,,,,,6050
シーカーベルト,0,9,3,1,0,,114,150,2,2,2,2,2,キノコ大好き,2,回復速度,1,,,,,,,,,,,,,,,,,,,,,6060
メデュレトＸコイル,0,9,3,1,0,,114,150,1,3,0,2,0,破壊王,2,チャージマスター,2,,,,,,,,,,,,,,,,,,,,,6070
セイラーコイル,0,9,3,0,0,,114,150,0,0,0,0,0,剛刃研磨,3,翔蟲使い,1,弾導強化,3,,,,,,,,,,,,,,,,,,,6080
ギルドパレスコイル,0,9,3,1,0,,120,152,1,2,2,1,1,火事場力,2,攻めの守勢,1,,,,,,,,,,,,,,,,,,,,,6090
冥淵纏鎧イレウーラ,0,10,4,0,0,,126,160,0,3,-2,3,-5,弱点特効,1,連撃,2,,,,,,,,,,,,,,,,,,,,,6100
しまきのこしもと真,0,10,2,0,0,,122,156,-1,0,0,0,-2,風紋の一致,1,強化持続,1,回避性能,1,風雷合一,1,,,,,,,,,,,,,,,,,6110
なるかみのこしもと真,0,10,2,0,0,,122,156,2,1,4,-3,-4,雷紋の一致,1,ガード性能,1,砲術,1,風雷合一,1,,,,,,,,,,,,,,,,,6120
赫耀ノコイル・真,0,10,2,1,0,,124,158,-2,-2,-2,-2,3,龍気活性,1,死中に活,1,逆恨み,2,,,,,,,,,,,,,,,,,,,6130
怒天ノ帯,0,10,3,0,0,,122,156,2,1,3,-5,2,連撃,1,会心撃【属性】,2,業物,1,弾丸節約,1,,,,,,,,,,,,,,,,,6140
禍鎧・怨【腰当て】,0,10,4,2,1,,124,158,3,-3,-2,1,1,業鎧【修羅】,1,災禍転福,1,,,,,,,,,,,,,,,,,,,,,6150
拠点司令【帯甲】,0,10,4,0,0,,118,152,1,1,1,1,1,抜刀術【力】,3,納刀術,1,,,,,,,,,,,,,,,,,,,,,6160
プライドコイル,0,10,2,1,1,,123,157,3,0,-2,-3,-1,力の解放,3,スタミナ急速回復,1,耳栓,1,,,,,,,,,,,,,,,,,,,6190
ゴールドルナコイル,0,10,3,2,0,,120,154,3,-3,-4,-1,2,状態異常確定蓄積,1,攻勢,1,回避性能,2,,,,,,,,,,,,,,,,,,,6200
シルバーソルコイル,0,10,2,1,1,,122,156,4,-4,-3,-2,3,弱点特効【属性】,1,合気,1,体術,3,,,,,,,,,,,,,,,,,,,6210
月光【帯】,0,10,3,1,1,,118,152,3,3,0,-5,-2,闇討ち,1,匠,2,散弾・拡散矢強化,2,,,,,,,,,,,,,,,,,,,6220
エスピナＺナーベル,0,10,4,1,1,,122,156,3,-4,-1,2,-3,チャージマスター,2,ランナー,1,連撃,1,,,,,,,,,,,,,,,,,,,6230
陰陽ノ者【当帯】,0,10,2,2,1,,120,154,2,0,-1,-3,1,煽衛,1,挑戦者,3,巧撃,1,,,,,,,,,,,,,,,,,,,6240
ミヅハ醒【丸帯】,0,10,4,4,0,,125,159,-5,1,0,3,-3,翔蟲使い,2,攻勢,1,,,,,,,,,,,,,,,,,,,,,6250
ケイオスフォールド,0,10,3,1,1,,118,152,-4,3,-2,2,4,奮闘,1,見切り,2,逆恨み,2,,,,,,,,,,,,,,,,,,,6260
リバルクシャナアンダ,0,10,3,1,0,,124,158,-1,2,-2,3,-3,鋼殻の恩恵,2,攻撃,2,体力回復量ＵＰ,3,,,,,,,,,,,,,,,,,,,6270
リバルカイザーコイル,0,10,4,3,0,,124,158,4,-4,1,-1,-3,粉塵纏,1,達人芸,2,弾道強化,2,,,,,,,,,,,,,,,,,,,6280
