#スキル系統,発動スキル,必要ポイント,カテゴリ,効果,系統番号,仮番号
攻撃,攻撃Lv1,1,パラメータ変化,攻撃力+3,1,10
攻撃,攻撃Lv2,2,パラメータ変化,攻撃力+6,1,10
攻撃,攻撃Lv3,3,パラメータ変化,攻撃力+9,1,10
攻撃,攻撃Lv4,4,パラメータ変化,攻撃力を1.05倍し、攻撃力に+7,1,10
攻撃,攻撃Lv5,5,パラメータ変化,攻撃力を1.06倍し、攻撃力に+8,1,10
攻撃,攻撃Lv6,6,パラメータ変化,攻撃力を1.08倍し、攻撃力に+9,1,10
攻撃,攻撃Lv7,7,パラメータ変化,攻撃力を1.1倍し、攻撃力に+10,1,10
挑戦者,挑戦者Lv1,1,戦闘(攻撃),戦闘中の大型モンスターが怒ると、基礎攻撃力+4、会心率+3%,2,20
挑戦者,挑戦者Lv2,2,戦闘(攻撃),戦闘中の大型モンスターが怒ると、基礎攻撃力+8、会心率+5%,2,20
挑戦者,挑戦者Lv3,3,戦闘(攻撃),戦闘中の大型モンスターが怒ると、基礎攻撃力+12、会心率+7%,2,20
挑戦者,挑戦者Lv4,4,戦闘(攻撃),戦闘中の大型モンスターが怒ると、基礎攻撃力+16、会心率+10%,2,20
挑戦者,挑戦者Lv5,5,戦闘(攻撃),戦闘中の大型モンスターが怒ると、基礎攻撃力+20、会心率+15%,2,20
攻勢,攻勢Lv1,1,戦闘(攻撃),,,
攻勢,攻勢Lv2,2,戦闘(攻撃),,,
攻勢,攻勢Lv3,3,戦闘(攻撃),,,
フルチャージ,フルチャージLv1,1,戦闘(攻撃),体力が最大の時、基礎攻撃力+5,3,30
フルチャージ,フルチャージLv2,2,戦闘(攻撃),体力が最大の時、基礎攻撃力+10,3,30
フルチャージ,フルチャージLv3,3,戦闘(攻撃),体力が最大の時、基礎攻撃力+20,3,30
逆恨み,逆恨みLv1,1,戦闘(攻撃),体力ゲージに赤い部分がある間、基礎攻撃力+5,4,40
逆恨み,逆恨みLv2,2,戦闘(攻撃),体力ゲージに赤い部分がある間、基礎攻撃力+10,4,40
逆恨み,逆恨みLv3,3,戦闘(攻撃),体力ゲージに赤い部分がある間、基礎攻撃力+15,4,40
逆恨み,逆恨みLv4,4,戦闘(攻撃),体力ゲージに赤い部分がある間、基礎攻撃力+20,4,40
逆恨み,逆恨みLv5,5,戦闘(攻撃),体力ゲージに赤い部分がある間、基礎攻撃力+25,4,40
死中に活,死中に活Lv1,1,戦闘(攻撃),状態異常中は攻撃力が上がる。スキル発動中、攻撃力+5,5,50
死中に活,死中に活Lv2,2,戦闘(攻撃),状態異常中は攻撃力が上がる。スキル発動中、攻撃力+10,5,50
死中に活,死中に活Lv3,3,戦闘(攻撃),状態異常中は攻撃力が上がる。スキル発動中、攻撃力+20,5,50
逆襲,逆襲Lv1,1,戦闘(攻撃),ふきとばされた後は、一定時間攻撃力がある。スキル発動時、攻撃力+10,91,910
逆襲,逆襲Lv2,2,戦闘(攻撃),ふきとばされた後は、一定時間攻撃力がある。スキル発動時、攻撃力+15,91,910
逆襲,逆襲Lv3,3,戦闘(攻撃),ふきとばされた後は、一定時間攻撃力がある。スキル発動時、攻撃力+25,91,910
巧撃,巧撃Lv1,1,戦闘(攻撃),,,
巧撃,巧撃Lv2,2,戦闘(攻撃),,,
巧撃,巧撃Lv3,3,戦闘(攻撃),,,
火事場力,火事場力Lv1,1,戦闘(攻撃),体力が最大値の35%以下の時に防御力+50,81,810
火事場力,火事場力Lv2,2,戦闘(攻撃),体力が最大値の35%以下の時に攻撃力1.05倍、防御力+50,81,810
火事場力,火事場力Lv3,3,戦闘(攻撃),体力が最大値の35%以下の時に攻撃力1.05倍、防御力+100,81,810
火事場力,火事場力Lv4,4,戦闘(攻撃),体力が最大値の35%以下の時に攻撃力1.1倍、防御力+100,81,810
火事場力,火事場力Lv5,5,戦闘(攻撃),体力が最大値の35%以下の時に攻撃力1.3倍,81,810
不屈,不屈Lv1,1,戦闘(攻撃),1回力尽きるごとに攻撃力1.1倍、防御力1.15倍,82,820
見切り,見切りLv1,1,戦闘(攻撃),会心率+5%,6,60
見切り,見切りLv2,2,戦闘(攻撃),会心率+10%,6,60
見切り,見切りLv3,3,戦闘(攻撃),会心率+15%,6,60
見切り,見切りLv4,4,戦闘(攻撃),会心率+20%,6,60
見切り,見切りLv5,5,戦闘(攻撃),会心率+25%,6,60
見切り,見切りLv6,6,戦闘(攻撃),会心率+30%,6,60
見切り,見切りLv7,7,戦闘(攻撃),会心率+40%,6,60
超会心,超会心Lv1,1,戦闘(攻撃),会心攻撃のダメージ倍率を1.3倍に強化する,7,70
超会心,超会心Lv2,2,戦闘(攻撃),会心攻撃のダメージ倍率を1.35倍に強化する,7,70
超会心,超会心Lv3,3,戦闘(攻撃),会心攻撃のダメージ倍率を1.4倍に強化する,7,70
弱点特効,弱点特効Lv1,1,戦闘(攻撃),有効部位への攻撃時、会心率+15％,8,80
弱点特効,弱点特効Lv2,2,戦闘(攻撃),有効部位への攻撃時、会心率+30％,8,80
弱点特効,弱点特効Lv3,3,戦闘(攻撃),有効部位への攻撃時、会心率+50％,8,80
力の解放,力の解放Lv1,1,戦闘(攻撃),特定の条件を満たすと、一定時間会心率+10%、固定スタミナ消費量30%軽減,9,90
力の解放,力の解放Lv2,2,戦闘(攻撃),特定の条件を満たすと、一定時間会心率+20%、固定スタミナ消費量30%軽減,9,90
力の解放,力の解放Lv3,3,戦闘(攻撃),特定の条件を満たすと、一定時間会心率+30%、固定スタミナ消費量50%軽減,9,90
力の解放,力の解放Lv4,4,戦闘(攻撃),特定の条件を満たすと、一定時間会心率+40%、固定スタミナ消費量50%軽減,9,90
力の解放,力の解放Lv5,5,戦闘(攻撃),特定の条件を満たすと、一定時間会心率+50%、固定スタミナ消費量50%軽減,9,90
渾身,渾身Lv1,1,戦闘(攻撃),スタミナゲージが満タン状態を5秒間維持すれば、会心率+10%,10,100
渾身,渾身Lv2,2,戦闘(攻撃),スタミナゲージが満タン状態を5秒間維持すれば、会心率+20%,10,100
渾身,渾身Lv3,3,戦闘(攻撃),スタミナゲージが満タン状態を5秒間維持すれば、会心率+30%,10,100
連撃,連撃Lv1,1,戦闘(攻撃),,,
連撃,連撃Lv2,2,戦闘(攻撃),,,
連撃,連撃Lv3,3,戦闘(攻撃),,,
狂竜症【蝕】,狂竜症【蝕】Lv1,1,戦闘(攻撃),,,
狂竜症【蝕】,狂竜症【蝕】Lv2,2,戦闘(攻撃),,,
狂竜症【蝕】,狂竜症【蝕】Lv3,3,戦闘(攻撃),,,
災禍転福,災禍転福Lv1,1,戦闘(攻撃),,,
災禍転福,災禍転福Lv2,2,戦闘(攻撃),,,
災禍転福,災禍転福Lv3,3,戦闘(攻撃),,,
会心撃【属性】,会心撃【属性】Lv1,1,戦闘(属性・異常),攻撃で会心が発生した際に、与える属性ダメージが高くなる。効果発動時、属性ダメージ1.05倍,11,110
会心撃【属性】,会心撃【属性】Lv2,2,戦闘(属性・異常),攻撃で会心が発生した際に、与える属性ダメージが高くなる。効果発動時、属性ダメージ1.1倍,11,110
会心撃【属性】,会心撃【属性】Lv3,3,戦闘(属性・異常),攻撃で会心が発生した際に、与える属性ダメージが高くなる。効果発動時、属性ダメージ1.2倍,11,110
火属性攻撃強化,火属性攻撃強化Lv1,1,戦闘(属性・異常),火属性攻撃値+2,12,120
火属性攻撃強化,火属性攻撃強化Lv2,2,戦闘(属性・異常),火属性攻撃値+3,12,120
火属性攻撃強化,火属性攻撃強化Lv3,3,戦闘(属性・異常),火属性攻撃値を1.05倍し、火属性攻撃値に+4,12,120
火属性攻撃強化,火属性攻撃強化Lv4,4,戦闘(属性・異常),火属性攻撃値を1.1倍し、火属性攻撃値に+4,12,120
火属性攻撃強化,火属性攻撃強化Lv5,5,戦闘(属性・異常),火属性攻撃値を1.2倍し、火属性攻撃値に+4,12,120
水属性攻撃強化,水属性攻撃強化Lv1,1,戦闘(属性・異常),水属性攻撃値+2,13,130
水属性攻撃強化,水属性攻撃強化Lv2,2,戦闘(属性・異常),水属性攻撃値+3,13,130
水属性攻撃強化,水属性攻撃強化Lv3,3,戦闘(属性・異常),水属性攻撃値を1.05倍し、水属性攻撃値に+4,13,130
水属性攻撃強化,水属性攻撃強化Lv4,4,戦闘(属性・異常),水属性攻撃値を1.1倍し、水属性攻撃値に+4,13,130
水属性攻撃強化,水属性攻撃強化Lv5,5,戦闘(属性・異常),水属性攻撃値を1.2倍し、水属性攻撃値に+4,13,130
氷属性攻撃強化,氷属性攻撃強化Lv1,1,戦闘(属性・異常),氷属性攻撃値+2,14,140
氷属性攻撃強化,氷属性攻撃強化Lv2,2,戦闘(属性・異常),氷属性攻撃値+3,14,140
氷属性攻撃強化,氷属性攻撃強化Lv3,3,戦闘(属性・異常),氷属性攻撃値を1.05倍し、氷属性攻撃値に+4,14,140
氷属性攻撃強化,氷属性攻撃強化Lv4,4,戦闘(属性・異常),氷属性攻撃値を1.1倍し、氷属性攻撃値に+4,14,140
氷属性攻撃強化,氷属性攻撃強化Lv5,5,戦闘(属性・異常),氷属性攻撃値を1.2倍し、氷属性攻撃値に+4,14,140
雷属性攻撃強化,雷属性攻撃強化Lv1,1,戦闘(属性・異常),雷属性攻撃値+2,15,150
雷属性攻撃強化,雷属性攻撃強化Lv2,2,戦闘(属性・異常),雷属性攻撃値+3,15,150
雷属性攻撃強化,雷属性攻撃強化Lv3,3,戦闘(属性・異常),雷属性攻撃値を1.05倍し、雷属性攻撃値に+4,15,150
雷属性攻撃強化,雷属性攻撃強化Lv4,4,戦闘(属性・異常),雷属性攻撃値を1.1倍し、雷属性攻撃値に+4,15,150
雷属性攻撃強化,雷属性攻撃強化Lv5,5,戦闘(属性・異常),雷属性攻撃値を1.2倍し、雷属性攻撃値に+4,15,150
龍属性攻撃強化,龍属性攻撃強化Lv1,1,戦闘(属性・異常),龍属性攻撃値+2,16,160
龍属性攻撃強化,龍属性攻撃強化Lv2,2,戦闘(属性・異常),龍属性攻撃値+3,16,160
龍属性攻撃強化,龍属性攻撃強化Lv3,3,戦闘(属性・異常),龍属性攻撃値を1.05倍し、龍属性攻撃値に+4,16,160
龍属性攻撃強化,龍属性攻撃強化Lv4,4,戦闘(属性・異常),龍属性攻撃値を1.1倍し、龍属性攻撃値に+4,16,160
龍属性攻撃強化,龍属性攻撃強化Lv5,5,戦闘(属性・異常),龍属性攻撃値を1.2倍し、龍属性攻撃値に+4,16,160
チャージマスター,チャージマスターLv1,1,戦闘(属性・異常),,,
チャージマスター,チャージマスターLv2,2,戦闘(属性・異常),,,
チャージマスター,チャージマスターLv3,3,戦闘(属性・異常),,,
弱点特効【属性】,弱点特効【属性】Lv1,1,戦闘(攻撃),,,
弱点特効【属性】,弱点特効【属性】Lv2,2,戦闘(攻撃),,,
弱点特効【属性】,弱点特効【属性】Lv3,3,戦闘(攻撃),,,
毒属性強化,毒属性強化Lv1,1,戦闘(属性・異常),毒の蓄積値を1.05倍し、毒の蓄積値に+1,17,170
毒属性強化,毒属性強化Lv2,2,戦闘(属性・異常),毒の蓄積値を1.1倍し、毒の蓄積値に+2,17,170
毒属性強化,毒属性強化Lv3,3,戦闘(属性・異常),毒の蓄積値を1.2倍し、毒の蓄積値に+5,17,170
麻痺属性強化,麻痺属性強化Lv1,1,戦闘(属性・異常),麻痺の蓄積値を1.05倍し、麻痺の蓄積値に+1,18,180
麻痺属性強化,麻痺属性強化Lv2,2,戦闘(属性・異常),麻痺の蓄積値を1.1倍し、麻痺の蓄積値に+2,18,180
麻痺属性強化,麻痺属性強化Lv3,3,戦闘(属性・異常),麻痺の蓄積値を1.2倍し、麻痺の蓄積値に+5,18,180
睡眠属性強化,睡眠属性強化Lv1,1,戦闘(属性・異常),睡眠の蓄積値を1.05倍し、睡眠の蓄積値に+1,19,190
睡眠属性強化,睡眠属性強化Lv2,2,戦闘(属性・異常),睡眠の蓄積値を1.1倍し、睡眠の蓄積値に+2,19,190
睡眠属性強化,睡眠属性強化Lv3,3,戦闘(属性・異常),睡眠の蓄積値を1.2倍し、睡眠の蓄積値に+5,19,190
爆破属性強化,爆破属性強化Lv1,1,戦闘(属性・異常),爆破の蓄積値を1.05倍し、爆破の蓄積値に+1,20,200
爆破属性強化,爆破属性強化Lv2,2,戦闘(属性・異常),爆破の蓄積値を1.1倍し、爆破の蓄積値に+2,20,200
爆破属性強化,爆破属性強化Lv3,3,戦闘(属性・異常),爆破の蓄積値を1.2倍し、爆破の蓄積値に+5,20,200
状態異常確定蓄積,状態異常確定蓄積Lv1,1,戦闘(属性・異常),,,
状態異常確定蓄積,状態異常確定蓄積Lv2,2,戦闘(属性・異常),,,
状態異常確定蓄積,状態異常確定蓄積Lv3,3,戦闘(属性・異常),,,
蓄積時攻撃強化,蓄積時攻撃強化Lv1,1,戦闘(属性・異常),,,
蓄積時攻撃強化,蓄積時攻撃強化Lv2,2,戦闘(属性・異常),,,
蓄積時攻撃強化,蓄積時攻撃強化Lv3,3,戦闘(属性・異常),,,
匠,匠Lv1,1,戦闘(剣士専用),斬れ味+10,21,210
匠,匠Lv2,2,戦闘(剣士専用),斬れ味+20,21,210
匠,匠Lv3,3,戦闘(剣士専用),斬れ味+30,21,210
匠,匠Lv4,4,戦闘(剣士専用),斬れ味+40,21,210
匠,匠Lv5,5,戦闘(剣士専用),斬れ味+50,21,210
業物,業物Lv1,1,戦闘(剣士専用),切れ味の消耗を抑える。発動確率10％,22,220
業物,業物Lv2,2,戦闘(剣士専用),切れ味の消耗を抑える。発動確率25％,22,220
業物,業物Lv3,3,戦闘(剣士専用),切れ味の消耗を抑える。発動確率50％,22,220
剛刃研磨,剛刃研磨Lv1,1,戦闘(剣士専用),武器を研磨すると一定時間、斬れ味が低下しない。発動後30秒効果持続,24,240
剛刃研磨,剛刃研磨Lv2,2,戦闘(剣士専用),武器を研磨すると一定時間、斬れ味が低下しない。発動後60秒効果持続,24,240
剛刃研磨,剛刃研磨Lv3,3,戦闘(剣士専用),武器を研磨すると一定時間、斬れ味が低下しない。発動後90秒効果持続,24,240
達人芸,達人芸Lv1,1,戦闘(剣士専用),効果発動時、20％で斬れ味を消費しない,100,1000
達人芸,達人芸Lv2,2,戦闘(剣士専用),効果発動時、40％で斬れ味を消費しない,100,1000
達人芸,達人芸Lv3,3,戦闘(剣士専用),効果発動時、80％で斬れ味を消費しない,100,1000
研磨術【鋭】,研磨術【鋭】Lv1,1,戦闘(攻撃),,,
研磨術【鋭】,研磨術【鋭】Lv2,2,戦闘(攻撃),,,
研磨術【鋭】,研磨術【鋭】Lv3,3,戦闘(攻撃),,,
刃鱗磨き,刃鱗磨きLv1,1,戦闘(攻撃),,,
刃鱗磨き,刃鱗磨きLv2,2,戦闘(攻撃),,,
刃鱗磨き,刃鱗磨きLv3,3,戦闘(攻撃),,,
心眼,心眼Lv1,1,戦闘(剣士専用),攻撃が弾かれ辛くなり、硬い部位へのダメージが上がる。50％の確率で弾かれず硬い部位へのダメージが1.1倍,25,250
心眼,心眼Lv2,2,戦闘(剣士専用),攻撃が弾かれ辛くなり、硬い部位へのダメージが上がる。100％の確率で弾かれず硬い部位へのダメージが1.15倍,25,250
心眼,心眼Lv3,3,戦闘(剣士専用),攻撃が弾かれ辛くなり、硬い部位へのダメージが上がる。100％の確率で弾かれず硬い部位へのダメージが1.3倍,25,250
鈍器使い,鈍器使いLv1,1,戦闘(剣士専用),斬れ味が黄色以下の時攻撃力が1.05倍,27,270
鈍器使い,鈍器使いLv2,2,戦闘(剣士専用),斬れ味が黄色以下の時攻撃力が1.1倍,27,270
鈍器使い,鈍器使いLv3,3,戦闘(剣士専用),斬れ味が緑色以下の時攻撃力が1.1倍,27,270
弾丸節約,弾丸節約Lv1,1,戦闘(ガンナー専用),まれにボウガンの弾・弓のビンを消費せずに発射できる。発動確率3％,23,230
弾丸節約,弾丸節約Lv2,2,戦闘(ガンナー専用),まれにボウガンの弾・弓のビンを消費せずに発射できる。発動確率10％,23,230
弾丸節約,弾丸節約Lv3,3,戦闘(ガンナー専用),まれにボウガンの弾・弓のビンを消費せずに発射できる。発動確率20％,23,230
弾導強化,弾導強化Lv1,1,戦闘(ガンナー専用),適正距離がわずかに広くなる,26,260
弾導強化,弾導強化Lv2,2,戦闘(ガンナー専用),適正距離が広くなる,26,260
弾導強化,弾導強化Lv3,3,戦闘(ガンナー専用),適正距離が大幅に広くなる,26,260
弓溜め段階解放,弓溜め段階解放Lv1,1,戦闘(ガンナー専用),弓の溜め段階が1段階増える,28,280
集中,集中Lv1,1,戦闘(攻撃),ゲージ上昇率5%アップ、溜め時間5%短縮,29,290
集中,集中Lv2,2,戦闘(攻撃),ゲージ上昇率10%アップ、溜め時間10%短縮,29,290
集中,集中Lv3,3,戦闘(攻撃),ゲージ上昇率20%アップ、溜め時間15%短縮,29,290
翔蟲使い,翔蟲使いLv1,1,クエスト,野生の翔虫の使用可能時間が1.3倍になる,89,890
翔蟲使い,翔蟲使いLv2,2,クエスト,さらに翔虫受け身の回復速度上昇,89,890
翔蟲使い,翔蟲使いLv3,3,クエスト,さらに地上時は回復速度上昇,89,890
合気,合気Lv1,1,戦闘(生存),,,
合気,合気Lv2,2,戦闘(生存),,,
強化持続,強化持続Lv1,1,戦闘(攻撃),太刀、双剣、操虫棍、剣斧、盾斧で発生する、強化状態の持続時間を長くする。強化時間を少し延長,30,300
強化持続,強化持続Lv2,2,戦闘(攻撃),太刀、双剣、操虫棍、剣斧、盾斧で発生する、強化状態の持続時間を長くする。強化時間を延長,30,300
強化持続,強化持続Lv3,3,戦闘(攻撃),太刀、双剣、操虫棍、剣斧、盾斧で発生する、強化状態の持続時間を長くする。強化時間を大きく延長,30,300
ランナー,ランナーLv1,1,クエスト,ダッシュなどの徐々にスタミナを消費する行動の継続スタミナ消費量15%軽減,31,310
ランナー,ランナーLv2,2,クエスト,ダッシュなどの徐々にスタミナを消費する行動の継続スタミナ消費量30%軽減,31,310
ランナー,ランナーLv3,3,クエスト,ダッシュなどの徐々にスタミナを消費する行動の継続スタミナ消費量50%軽減,31,310
体術,体術Lv1,1,クエスト,回避などの固定でスタミナを消費する行動の固定スタミナ消費量10%軽減,32,320
体術,体術Lv2,2,クエスト,回避などの固定でスタミナを消費する行動の固定スタミナ消費量20%軽減,32,320
体術,体術Lv3,3,クエスト,回避などの固定でスタミナを消費する行動の固定スタミナ消費量30%軽減,32,320
体術,体術Lv4,4,クエスト,回避などの固定でスタミナを消費する行動の固定スタミナ消費量40%軽減,32,320
体術,体術Lv5,5,クエスト,回避などの固定でスタミナを消費する行動の固定スタミナ消費量50%軽減,32,320
スタミナ急速回復,スタミナ急速回復Lv1,1,クエスト,減っているスタミナの回復速度1.1倍,33,330
スタミナ急速回復,スタミナ急速回復Lv2,2,クエスト,減っているスタミナの回復速度1.2倍,33,330
スタミナ急速回復,スタミナ急速回復Lv3,3,クエスト,減っているスタミナの回復速度1.4倍,33,330
壁面移動,壁面移動Lv1,1,クエスト,壁走り時のスタミナ消費が25％軽減される,90,900
壁面移動,壁面移動Lv2,2,クエスト,壁走り時のスタミナ消費が50％軽減される,90,900
壁面移動,壁面移動Lv3,3,クエスト,更に壁走りを行うことで一定時間攻撃力が上がる,90,900
壁面移動【翔】,壁面移動【翔】Lv1,1,クエスト,,,
ガード性能,ガード性能Lv1,1,戦闘(生存),威力をわずかに軽減,34,340
ガード性能,ガード性能Lv2,2,戦闘(生存),威力をわずかに軽減し、スタミナ消費量を15%軽減,34,340
ガード性能,ガード性能Lv3,3,戦闘(生存),威力を軽減し、スタミナ消費量を15%軽減,34,340
ガード性能,ガード性能Lv4,4,戦闘(生存),威力を軽減し、スタミナ消費量を30%軽減,34,340
ガード性能,ガード性能Lv5,5,戦闘(生存),威力を大きく軽減し、スタミナ消費量を50%軽減,34,340
ガード強化,ガード強化Lv1,1,戦闘(生存),通常はガードできない攻撃もガードできるようになる。ダメージ軽減30％,35,350
ガード強化,ガード強化Lv2,2,戦闘(生存),通常はガードできない攻撃もガードできるようになる。ダメージ軽減50％,35,350
ガード強化,ガード強化Lv3,3,戦闘(生存),通常はガードできない攻撃もガードできるようになる。ダメージ軽減80％,35,350
攻めの守勢,攻めの守勢Lv1,1,戦闘(攻撃),タイミング良くガードを成功させると、一定時間、攻撃力1.05倍,36,360
攻めの守勢,攻めの守勢Lv2,2,戦闘(攻撃),タイミング良くガードを成功させると、一定時間、攻撃力1.1倍,36,360
攻めの守勢,攻めの守勢Lv3,3,戦闘(攻撃),タイミング良くガードを成功させると、一定時間、攻撃力1.15倍,36,360
抜刀術【技】,抜刀術【技】Lv1,1,戦闘(攻撃),武器出し攻撃後一定時間会心率が上がる。会心率+10％,37,370
抜刀術【技】,抜刀術【技】Lv2,2,戦闘(攻撃),武器出し攻撃後一定時間会心率が上がる。会心率+20％,37,370
抜刀術【技】,抜刀術【技】Lv3,3,戦闘(攻撃),武器出し攻撃後一定時間会心率が上がる。会心率+40％,37,370
抜刀術【力】,抜刀術【力】Lv1,1,戦闘(攻撃),武器出し攻撃に気絶を誘発する効果がわずかに付く。武器出し攻撃の攻撃力+3,38,380
抜刀術【力】,抜刀術【力】Lv2,2,戦闘(攻撃),武器出し攻撃に気絶を誘発する効果が付く。武器出し攻撃の攻撃力+5,38,380
抜刀術【力】,抜刀術【力】Lv3,3,戦闘(攻撃),武器出し攻撃に気絶を誘発する効果が大きく付く。武器出し攻撃の攻撃力+7,38,380
納刀術,納刀術Lv1,1,戦闘(生存),武器をしまう速度がわずかに上昇,39,390
納刀術,納刀術Lv2,2,戦闘(生存),武器をしまう速度が上昇,39,390
納刀術,納刀術Lv3,3,戦闘(生存),武器をしまう速度がかなり上昇,39,390
ＫＯ術,ＫＯ術Lv1,1,戦闘(属性・異常),気絶効果1.2倍,40,400
ＫＯ術,ＫＯ術Lv2,2,戦闘(属性・異常),気絶効果1.3倍,40,400
ＫＯ術,ＫＯ術Lv3,3,戦闘(属性・異常),気絶効果1.4倍,40,400
スタミナ奪取,スタミナ奪取Lv1,1,戦闘(属性・異常),減気値が1.2倍,41,410
スタミナ奪取,スタミナ奪取Lv2,2,戦闘(属性・異常),減気値が1.3倍,41,410
スタミナ奪取,スタミナ奪取Lv3,3,戦闘(属性・異常),減気値が1.4倍,41,410
破壊王,破壊王Lv1,1,戦闘(攻撃),部位に対する蓄積ダメージ1.1倍,72,720
破壊王,破壊王Lv2,2,戦闘(攻撃),部位に対する蓄積ダメージ1.2倍,72,720
破壊王,破壊王Lv3,3,戦闘(攻撃),部位に対する蓄積ダメージ1.3倍,72,720
血氣,血氣Lv1,1,戦闘(生存),,,
血氣,血氣Lv2,2,戦闘(生存),,,
血氣,血氣Lv3,3,戦闘(生存),,,
滑走強化,滑走強化Lv1,1,戦闘(攻撃),スライディングを行うと一定時間会心率が上昇,42,420
笛吹き名人,笛吹き名人Lv1,1,戦闘(剣士専用),狩猟笛の演奏と多重演奏が早くなり、衝撃波のダメージが上がる,43,430
砲術,砲術Lv1,1,戦闘(攻撃),ガンランスの砲撃と竜撃砲、チャージアックスのビン攻撃、徹甲榴弾などの爆破系の攻撃力が1.1倍。竜撃砲の冷却時間が15%減少,44,440
砲術,砲術Lv2,2,戦闘(攻撃),ガンランスの砲撃と竜撃砲、チャージアックスのビン攻撃、徹甲榴弾などの爆破系の攻撃力が1.2倍。竜撃砲の冷却時間が30%減少,44,440
砲術,砲術Lv3,3,戦闘(攻撃),ガンランスの砲撃と竜撃砲、チャージアックスのビン攻撃、徹甲榴弾などの爆破系の攻撃力が1.3倍。竜撃砲の冷却時間が50%減少,44,440
砲弾装填,砲弾装填Lv1,1,戦闘(剣士専用),砲弾の装填がスムーズになりガンランスの装填数が上昇、盾斧のビン装填数が増える。弾とビンの装填が早くなる,45,450
砲弾装填,砲弾装填Lv2,2,戦闘(剣士専用),砲弾の装填がスムーズになりガンランスの装填数が上昇、盾斧のビン装填数が増える。さらにガンランスの装填数+1、盾斧のチャージ数上昇,45,450
高速変形,高速変形Lv1,1,戦闘(剣士専用),スラッシュアックスとチャージアックスの変形アクションの速度と火力が上昇。速度が1.1倍になる,92,920
高速変形,高速変形Lv2,2,戦闘(剣士専用),スラッシュアックスとチャージアックスの変形アクションの速度と火力が上昇。速度が1.2倍になり、変形攻撃のダメージが1.1倍になる,92,920
高速変形,高速変形Lv3,3,戦闘(剣士専用),スラッシュアックスとチャージアックスの変形アクションの速度と火力が上昇。速度が1.3倍になり、変形攻撃のダメージが1.2倍になる,92,920
特殊射撃強化,特殊射撃強化Lv1,1,戦闘(ガンナー専用),ボウガンの特殊弾と弓の竜の一矢の威力が1.1倍,46,460
特殊射撃強化,特殊射撃強化Lv2,2,戦闘(ガンナー専用),ボウガンの特殊弾と弓の竜の一矢の威力が1.2倍,46,460
通常弾・連射矢強化,通常弾・連射矢強化Lv1,1,戦闘(ガンナー専用),通常弾、連射矢の威力をわずかにＵＰ,47,470
通常弾・連射矢強化,通常弾・連射矢強化Lv2,2,戦闘(ガンナー専用),通常弾、連射矢の威力をＵＰ,47,470
通常弾・連射矢強化,通常弾・連射矢強化Lv3,3,戦闘(ガンナー専用),通常弾、連射矢の威力をさらにＵＰ,47,470
貫通弾・貫通矢強化,貫通弾・貫通矢強化Lv1,1,戦闘(ガンナー専用),貫通弾、貫通矢の威力をわずかにＵＰ,48,480
貫通弾・貫通矢強化,貫通弾・貫通矢強化Lv2,2,戦闘(ガンナー専用),貫通弾、貫通矢の威力をＵＰ,48,480
貫通弾・貫通矢強化,貫通弾・貫通矢強化Lv3,3,戦闘(ガンナー専用),貫通弾、貫通矢の威力をさらにＵＰ,48,480
散弾・拡散矢強化,散弾・拡散矢強化Lv1,1,戦闘(ガンナー専用),散弾、放散弾、拡散矢の威力をわずかにUP,49,490
散弾・拡散矢強化,散弾・拡散矢強化Lv2,2,戦闘(ガンナー専用),散弾、放散弾、拡散矢の威力をUP,49,490
散弾・拡散矢強化,散弾・拡散矢強化Lv3,3,戦闘(ガンナー専用),散弾、放散弾、拡散矢の威力をさらにUP,49,490
装填拡張,装填拡張Lv1,1,戦闘(ガンナー専用),ボウガンの装填数が増える。一部の弾の装填数が増加,50,500
装填拡張,装填拡張Lv2,2,戦闘(ガンナー専用),ボウガンの装填数が増える。多くの弾の装填数が増加,50,500
装填拡張,装填拡張Lv3,3,戦闘(ガンナー専用),ボウガンの装填数が増える。ほとんどの弾の装填数が増加,50,500
装填速度,装填速度Lv1,1,戦闘(ガンナー専用),ボウガンの速度1段階上昇。弓の速度を早くする,51,510
装填速度,装填速度Lv2,2,戦闘(ガンナー専用),ボウガンの速度2段階上昇。弓は自動でビン装着する,51,510
装填速度,装填速度Lv3,3,戦闘(ガンナー専用),ボウガンの速度3段階上昇,51,510
反動軽減,反動軽減Lv1,1,戦闘(ガンナー専用),反動を1段階軽減,52,520
反動軽減,反動軽減Lv2,2,戦闘(ガンナー専用),反動を2段階軽減,52,520
反動軽減,反動軽減Lv3,3,戦闘(ガンナー専用),反動を3段階軽減,52,520
速射強化,速射強化Lv1,1,戦闘(ガンナー専用),速射弾のダメージ1.05倍,53,530
速射強化,速射強化Lv2,2,戦闘(ガンナー専用),速射弾のダメージ1.1倍,53,530
速射強化,速射強化Lv3,3,戦闘(ガンナー専用),速射弾のダメージ1.2倍,53,530
ブレ抑制,ブレ抑制Lv1,1,戦闘(ガンナー専用),ブレを1段階軽減,97,970
ブレ抑制,ブレ抑制Lv2,2,戦闘(ガンナー専用),ブレを2段階軽減,97,970
ブレ抑制,ブレ抑制Lv3,3,戦闘(ガンナー専用),ブレを3段階軽減,97,970
チューンアップ,チューンアップLv1,1,戦闘(ガンナー専用),,,
チューンアップ,チューンアップLv2,2,戦闘(ガンナー専用),,,
防御,防御Lv1,1,パラメータ変化,防御力+5,54,540
防御,防御Lv2,2,パラメータ変化,防御力+10,54,540
防御,防御Lv3,3,パラメータ変化,防御力を1.05倍し、防御力+10,54,540
防御,防御Lv4,4,パラメータ変化,防御力を1.05倍し、防御力+20、全属性耐性値+3,54,540
防御,防御Lv5,5,パラメータ変化,防御力を1.08倍し、防御力+20、全属性耐性値+3,54,540
防御,防御Lv6,6,パラメータ変化,防御力を1.08倍し、防御力+35、全属性耐性値+5,54,540
防御,防御Lv7,7,パラメータ変化,防御力を1.1倍し、防御力+35、全属性耐性値+5,54,540
精霊の加護,精霊の加護Lv1,1,戦闘(生存),一定確率で受けるダメージを15%軽減,55,550
精霊の加護,精霊の加護Lv2,2,戦闘(生存),一定確率で受けるダメージを30%軽減,55,550
精霊の加護,精霊の加護Lv3,3,戦闘(生存),一定確率で受けるダメージを50%軽減,55,550
根性,根性Lv1,1,戦闘(生存),,,
根性,根性Lv2,2,戦闘(生存),,,
根性,根性Lv3,3,戦闘(生存),,,
激昂,激昂Lv1,1,戦闘(生存),,,
激昂,激昂Lv2,2,戦闘(生存),,,
激昂,激昂Lv3,3,戦闘(生存),,,
顕如盤石,顕如盤石Lv1,1,特殊攻撃耐性,,,
顕如盤石,顕如盤石Lv2,2,特殊攻撃耐性,,,
顕如盤石,顕如盤石Lv3,3,特殊攻撃耐性,,,
顕如盤石,顕如盤石Lv4,4,特殊攻撃耐性,,,
顕如盤石,顕如盤石Lv5,5,特殊攻撃耐性,,,
剛心,剛心Lv1,1,戦闘(生存),,,
剛心,剛心Lv2,2,戦闘(生存),,,
煽衛,煽衛Lv1,1,戦闘(生存),,,
煽衛,煽衛Lv2,2,戦闘(生存),,,
煽衛,煽衛Lv3,3,戦闘(生存),,,
回復速度,回復速度Lv1,1,戦闘(生存),赤ゲージの自動回復速度2倍,57,570
回復速度,回復速度Lv2,2,戦闘(生存),赤ゲージの自動回復速度3倍,57,570
回復速度,回復速度Lv3,3,戦闘(生存),赤ゲージの自動回復速度4倍,57,570
耳栓,耳栓Lv1,1,特殊攻撃耐性,咆哮【小】の影響を軽減する,59,590
耳栓,耳栓Lv2,2,特殊攻撃耐性,咆哮【小】の影響を無効化,59,590
耳栓,耳栓Lv3,3,特殊攻撃耐性,咆哮【小】を無効化し、咆哮【大】の影響を軽減する,59,590
耳栓,耳栓Lv4,4,特殊攻撃耐性,咆哮【小】【大】を無効化する,59,590
耳栓,耳栓Lv5,5,特殊攻撃耐性,咆哮【小】【大】を無効化し、強方向を軽減する,59,590
風圧耐性,風圧耐性Lv1,1,特殊攻撃耐性,風圧【小】を無効化する,60,600
風圧耐性,風圧耐性Lv2,2,特殊攻撃耐性,風圧【小】【大】を無効化する,60,600
風圧耐性,風圧耐性Lv3,3,特殊攻撃耐性,風圧【小】【大】を無効化し、龍風圧の影響を軽減する,60,600
耐震,耐震Lv1,1,特殊攻撃耐性,振動【小】を無効化,61,610
耐震,耐震Lv2,2,特殊攻撃耐性,振動【小】を無効化、振動【大】を軽減,61,610
耐震,耐震Lv3,3,特殊攻撃耐性,振動【小】【大】を無効化,61,610
泡沫の舞,泡沫の舞Lv1,1,特殊攻撃耐性,泡やられ【大】の影響を軽減する,62,620
泡沫の舞,泡沫の舞Lv2,2,特殊攻撃耐性,泡やられ【大】を【小】に抑え泡やられ時に回避能力を強化する,62,620
泡沫の舞,泡沫の舞Lv3,3,特殊攻撃耐性,更に回避行動を複数回行うと泡やられ状態になる,62,620
鬼火纏,鬼火纏Lv1,1,特殊攻撃耐性,鬼火への耐性を得て、攻撃を行うことで鬼火を纏い爆発を攻撃に転用する。鬼火によって受けるダメージを減少する,93,930
鬼火纏,鬼火纏Lv2,2,特殊攻撃耐性,鬼火への耐性を得て、攻撃を行うことで鬼火を纏い爆発を攻撃に転用する。鬼火爆発で与えるダメージを増加する,93,930
鬼火纏,鬼火纏Lv3,3,特殊攻撃耐性,鬼火への耐性を得て、攻撃を行うことで鬼火を纏い爆発を攻撃に転用する。モンスター怒り時に自動で鬼火やられを発症する,93,930
鬼火纏,鬼火纏Lv4,4,特殊攻撃耐性,鬼火への耐性を得て、攻撃を行うことで鬼火を纏い爆発を攻撃に転用する。モンスターの怒り終了後も効果が１分持続,93,930
回避性能,回避性能Lv1,1,戦闘(生存),無敵時間がほんのわずかに延長,63,630
回避性能,回避性能Lv2,2,戦闘(生存),無敵時間がわずかに延長,63,630
回避性能,回避性能Lv3,3,戦闘(生存),無敵時間が延長,63,630
回避性能,回避性能Lv4,4,戦闘(生存),無敵時間が大きく延長,63,630
回避性能,回避性能Lv5,5,戦闘(生存),無敵時間がとても大きく延長,63,630
回避距離ＵＰ,回避距離ＵＰLv1,1,戦闘(生存),回避距離がわずかに延長,64,640
回避距離ＵＰ,回避距離ＵＰLv2,2,戦闘(生存),回避距離が延長,64,640
回避距離ＵＰ,回避距離ＵＰLv3,3,戦闘(生存),回避距離が大きく延長,64,640
疾之息吹,疾之息吹Lv1,1,特殊攻撃耐性,,,
属性やられ耐性,属性やられ耐性Lv1,1,特殊攻撃耐性,全ての属性やられの時間が50%減る,65,650
属性やられ耐性,属性やられ耐性Lv2,2,特殊攻撃耐性,全ての属性やられの時間が75%減る,65,650
属性やられ耐性,属性やられ耐性Lv3,3,特殊攻撃耐性,全ての属性やられを無効化,65,650
毒耐性,毒耐性Lv1,1,特殊攻撃耐性,毒のダメージを受ける回数が少なくなる,66,660
毒耐性,毒耐性Lv2,2,特殊攻撃耐性,毒のダメージを受ける回数がとても少なくなる,66,660
毒耐性,毒耐性Lv3,3,特殊攻撃耐性,毒状態にならなくり、猛毒を軽減する,66,660
睡眠耐性,睡眠耐性Lv1,1,特殊攻撃耐性,睡眠の時間が30%減少,67,670
睡眠耐性,睡眠耐性Lv2,2,特殊攻撃耐性,睡眠の時間が60%減少,67,670
睡眠耐性,睡眠耐性Lv3,3,特殊攻撃耐性,睡眠状態にならなくなる,67,670
気絶耐性,気絶耐性Lv1,1,特殊攻撃耐性,気絶状態の時間を60%減らす,68,680
気絶耐性,気絶耐性Lv2,2,特殊攻撃耐性,気絶状態の時間を90%減らす,68,680
気絶耐性,気絶耐性Lv3,3,特殊攻撃耐性,気絶状態にならない,68,680
泥雪耐性,泥雪耐性Lv1,1,特殊攻撃耐性,モンスターの発生させた泥地や深雪での行動制限を軽減する。移動の制限を軽減,69,690
泥雪耐性,泥雪耐性Lv2,2,特殊攻撃耐性,モンスターの発生させた泥地や深雪での行動制限を軽減する。移動の制限を受けない,69,690
麻痺耐性,麻痺耐性Lv1,1,特殊攻撃耐性,麻痺の時間を30%減らす,98,980
麻痺耐性,麻痺耐性Lv2,2,特殊攻撃耐性,麻痺の時間を60%減らす,98,980
麻痺耐性,麻痺耐性Lv3,3,特殊攻撃耐性,麻痺状態にならない,98,980
爆破やられ耐性,爆破やられ耐性Lv1,1,特殊攻撃耐性,爆破までの時間が延長され、爆破ダメージを軽減する,99,990
爆破やられ耐性,爆破やられ耐性Lv2,2,特殊攻撃耐性,爆破までの時間がさらに延長され、爆破ダメージを大きく軽減する,99,990
爆破やられ耐性,爆破やられ耐性Lv3,3,特殊攻撃耐性,爆破やられ状態にならない,99,990
火耐性,火耐性Lv1,1,パラメータ変化,火耐性+6。,150,1050
火耐性,火耐性Lv2,2,パラメータ変化,火耐性+12。,150,1050
火耐性,火耐性Lv3,3,パラメータ変化,火耐性+20、防御力+10。,150,1050
水耐性,水耐性Lv1,1,パラメータ変化,水耐性+6。,160,1060
水耐性,水耐性Lv2,2,パラメータ変化,水耐性+12。,160,1060
水耐性,水耐性Lv3,3,パラメータ変化,水耐性+20、防御力+10。,160,1060
氷耐性,氷耐性Lv1,1,パラメータ変化,氷耐性+6。,170,1070
氷耐性,氷耐性Lv2,2,パラメータ変化,氷耐性+12。,170,1070
氷耐性,氷耐性Lv3,3,パラメータ変化,氷耐性+20、防御力+10。,170,1070
雷耐性,雷耐性Lv1,1,パラメータ変化,雷耐性+6。,180,1080
雷耐性,雷耐性Lv2,2,パラメータ変化,雷耐性+12。,180,1080
雷耐性,雷耐性Lv3,3,パラメータ変化,雷耐性+20、防御力+10。,180,1080
龍耐性,龍耐性Lv1,1,パラメータ変化,龍耐性+6。,190,1090
龍耐性,龍耐性Lv2,2,パラメータ変化,龍耐性+12。,190,1090
龍耐性,龍耐性Lv3,3,パラメータ変化,龍耐性+20、防御力+10。,190,1090
供応,供応Lv1,1,クエスト,,,
植生学,植生学Lv1,1,クエスト,草系消費アイテムの取得数+1,70,700
植生学,植生学Lv2,2,クエスト,さらに実、種系消費アイテムの取得数+1,70,700
植生学,植生学Lv3,3,クエスト,さらに虫系消費アイテムの取得数+1,70,700
植生学,植生学Lv4,4,クエスト,さらにキノコ系消費アイテムの取得数+1,70,700
地質学,地質学Lv1,1,クエスト,骨採取ポイントの採取回数+1,71,710
地質学,地質学Lv2,2,クエスト,さらに特産品採取ポイントの採取回数+1,71,710
地質学,地質学Lv3,3,クエスト,さらに鉱石採取ポイントの採取回数+1,71,710
捕獲名人,捕獲名人Lv1,1,クエスト,捕獲でもらえる報酬の数が高確率で多くなる,73,730
幸運,幸運Lv1,1,クエスト,クエストクリアでもらえる報酬の数が多くなりやすい。得られる確率がわずかに上がる,74,740
幸運,幸運Lv2,2,クエスト,クエストクリアでもらえる報酬の数が多くなりやすい。得られる確率が上がる,74,740
幸運,幸運Lv3,3,クエスト,クエストクリアでもらえる報酬の数が多くなりやすい。得られる確率がさらに上がる,74,740
体力回復量ＵＰ,体力回復量ＵＰLv1,1,アイテム,回復量がわずかに増加する,56,560
体力回復量ＵＰ,体力回復量ＵＰLv2,2,アイテム,回復量が増加する,56,560
体力回復量ＵＰ,体力回復量ＵＰLv3,3,アイテム,回復量がかなり増加する,56,560
早食い,早食いLv1,1,アイテム,肉やアイテムを食べる速度がわずかに上昇する,58,580
早食い,早食いLv2,2,アイテム,肉やアイテムを食べる速度が上昇する,58,580
早食い,早食いLv3,3,アイテム,肉やアイテムを食べる速度がかなり上昇する,58,580
キノコ大好き,キノコ大好きLv1,1,アイテム,アオキノコと毒テングダケがたべられるようになる,77,770
キノコ大好き,キノコ大好きLv2,2,アイテム,さらにニトロダケとマヒダケを食べられるようになる,77,770
キノコ大好き,キノコ大好きLv3,3,アイテム,さらにマンドラゴラとドキドキノコが食べられるようになる,77,770
アイテム使用強化,アイテム使用強化Lv1,1,アイテム,一部アイテムの効果時間が1.1倍,78,780
アイテム使用強化,アイテム使用強化Lv2,2,アイテム,一部アイテムの効果時間が1.25倍,78,780
アイテム使用強化,アイテム使用強化Lv3,3,アイテム,一部アイテムの効果時間が1.5倍,78,780
広域化,広域化Lv1,1,アイテム,一部アイテムを使用した時、効果の1/3を周囲の仲間にも与える,79,790
広域化,広域化Lv2,2,アイテム,一部アイテムを使用した時、効果の1/3を広い範囲の仲間にも与える,79,790
広域化,広域化Lv3,3,アイテム,一部アイテムを使用した時、効果の2/3を広い範囲の仲間にも与える,79,790
広域化,広域化Lv4,4,アイテム,一部アイテムを使用した時、効果の2/3をかなり広い範囲の仲間にも与える,79,790
広域化,広域化Lv5,5,アイテム,一部アイテムを使用した時、そのままの効果をかなり広い範囲の仲間にも与える,79,790
満足感,満足感Lv1,1,アイテム,10%の確率で食べたり飲んだりするアイテムがもう1度使える,80,800
満足感,満足感Lv2,2,アイテム,25%の確率で食べたり飲んだりするアイテムがもう1度使える,80,800
満足感,満足感Lv3,3,アイテム,45%の確率で食べたり飲んだりするアイテムがもう1度使える,80,800
砥石使用高速化,砥石使用高速化Lv1,1,アイテム,研ぎ動作を1回省略,75,750
砥石使用高速化,砥石使用高速化Lv2,2,アイテム,研ぎ動作を2回省略,75,750
砥石使用高速化,砥石使用高速化Lv3,3,アイテム,研ぎ動作を3回省略,75,750
ボマー,ボマーLv1,1,アイテム,爆発系アイテムのダメージが1.1倍,76,760
ボマー,ボマーLv2,2,アイテム,爆発系アイテムのダメージが1.2倍,76,760
ボマー,ボマーLv3,3,アイテム,爆発系アイテムのダメージが1.3倍,76,760
ひるみ軽減,ひるみ軽減Lv1,1,戦闘(生存),のけぞり無効。,83,830
ひるみ軽減,ひるみ軽減Lv2,2,戦闘(生存),のけぞり無効、しりもちをのけぞりに軽減。,83,830
ひるみ軽減,ひるみ軽減Lv3,3,戦闘(生存),しりもちを無効。,83,830
ジャンプ鉄人,ジャンプ鉄人Lv1,1,クエスト,ジャンプ中にのけぞり無効,84,840
剥ぎ取り鉄人,剥ぎ取り鉄人Lv1,1,クエスト,剥ぎ取り中、のけぞり無効,96,960
剥ぎ取り名人,剥ぎ取り名人Lv1,1,クエスト,剥ぎ取り回数が１回増える。（クエストの途中からは、効果が得られません）,140,1040
腹減り耐性,腹減り耐性Lv1,1,クエスト,スタミナ最大値の時間減少を50%延長,85,850
腹減り耐性,腹減り耐性Lv2,2,クエスト,スタミナ最大値の時間減少を100%延長,85,850
腹減り耐性,腹減り耐性Lv3,3,クエスト,スタミナ最大値の減少を無効化,85,850
飛び込み,飛び込みLv1,1,クエスト,大型モンスターに向かってジャンプ回避ができるようになる。また、飛距離も伸びる,86,860
陽動,陽動Lv1,1,クエスト,攻撃を当てたとき、モンスターの注意をより強く引くようになる,87,870
乗り名人,乗り名人Lv1,1,クエスト,操竜ゲージが溜まりやすくなり回避カウンターが取りやすくなる,88,880
鋼殻の恩恵,鋼殻の恩恵Lv1,1,シリーズスキル,水と氷の属性攻撃値を１．０５倍にする,110,1010
鋼殻の恩恵,鋼殻の恩恵Lv2,2,シリーズスキル,水と氷の属性攻撃値を１．１倍にする,110,1010
鋼殻の恩恵,鋼殻の恩恵Lv3,3,シリーズスキル,更に体力の自動回復が、ゲージの最大値まで継続する,110,1010
鋼殻の恩恵,鋼殻の恩恵Lv4,4,シリーズスキル,更に熱によるダメージを無効化する,110,1010
霞皮の恩恵,霞皮の恩恵Lv1,1,シリーズスキル,ヒトダマドリの効果を稀に増やす,120,1020
霞皮の恩恵,霞皮の恩恵Lv2,2,シリーズスキル,更に風圧【小】【大】を無効化する,120,1020
霞皮の恩恵,霞皮の恩恵Lv3,3,シリーズスキル,更にモンスターに与える毒の効果時間を高める,120,1020
霞皮の恩恵,霞皮の恩恵Lv4,4,シリーズスキル,更に全ての風圧を無効化する,120,1020
炎鱗の恩恵,炎鱗の恩恵Lv1,1,シリーズスキル,火の属性攻撃値と爆破の蓄積値を１．０５倍にする,130,1030
炎鱗の恩恵,炎鱗の恩恵Lv2,2,シリーズスキル,火の属性攻撃値と爆破の蓄積値を１．１倍にする,130,1030
炎鱗の恩恵,炎鱗の恩恵Lv3,3,シリーズスキル,更に毒と猛毒状態にならない,130,1030
炎鱗の恩恵,炎鱗の恩恵Lv4,4,シリーズスキル,更に盗みを無効化する,130,1030
風紋の一致,風紋の一致Lv1,1,シリーズスキル,龍耐性+1,94,940
風紋の一致,風紋の一致Lv2,2,シリーズスキル,龍耐性+2,94,940
風紋の一致,風紋の一致Lv3,3,シリーズスキル,龍耐性+3,94,940
風紋の一致,風紋の一致Lv4,4,シリーズスキル,龍耐性+4,94,940
風紋の一致,風紋の一致Lv5,5,シリーズスキル,さらに強運の効果を得る,94,940
雷紋の一致,雷紋の一致Lv1,1,シリーズスキル,雷耐性+1,95,950
雷紋の一致,雷紋の一致Lv2,2,シリーズスキル,雷耐性+2,95,950
雷紋の一致,雷紋の一致Lv3,3,シリーズスキル,雷耐性+3,95,950
雷紋の一致,雷紋の一致Lv4,4,シリーズスキル,雷耐性+4,95,950
雷紋の一致,雷紋の一致Lv5,5,シリーズスキル,さらに強運の効果を得る,95,950
風雷合一,風雷合一Lv1,1,シリーズスキル,雷と龍の属性攻撃値を１．０５倍にする,200,1100
風雷合一,風雷合一Lv2,2,シリーズスキル,雷と龍の属性攻撃値を１．１倍にする,200,1100
風雷合一,風雷合一Lv3,3,シリーズスキル,雷と龍の属性攻撃値を１．１５倍にする,200,1100
風雷合一,風雷合一Lv4,4,シリーズスキル,さらにこのスキル以外の防具のスキルレベルを＋１する,200,1100
風雷合一,風雷合一Lv5,5,シリーズスキル,さらにこのスキル以外の防具のスキルレベルをもう＋１する,200,1100
龍気活性,龍気活性Lv1,1,戦闘(攻撃),体力50％以下で特殊な龍やられを発症し、全ての属性耐性が30になる。,210,1110
龍気活性,龍気活性Lv2,2,戦闘(攻撃),体力50％以下で特殊な龍やられを発症し、全ての属性耐性が50になる。,210,1110
龍気活性,龍気活性Lv3,3,戦闘(攻撃),体力70％以下で特殊な龍やられを発症し、全ての属性耐性が50になる。,210,1110
龍気活性,龍気活性Lv4,4,戦闘(攻撃),体力70％以下で特殊な龍やられを発症し全ての属性耐性が50になり、攻撃力1.05倍。,210,1110
龍気活性,龍気活性Lv5,5,戦闘(攻撃),体力80％以下で特殊な龍やられを発症し全ての属性耐性が50になり、攻撃力1.1倍。,210,1110
業鎧【修羅】,業鎧【修羅】Lv1,1,戦闘(攻撃),,,
業鎧【修羅】,業鎧【修羅】Lv2,2,戦闘(攻撃),,,
業鎧【修羅】,業鎧【修羅】Lv3,3,戦闘(攻撃),,,
伏魔響命,伏魔響命Lv1,1,戦闘(攻撃),,,
伏魔響命,伏魔響命Lv2,2,戦闘(攻撃),,,
伏魔響命,伏魔響命Lv3,3,戦闘(攻撃),,,
1スロ,1スロLv1,1,汎用スロットスキル,,,
1スロ,1スロLv2,2,汎用スロットスキル,,,
1スロ,1スロLv3,3,汎用スロットスキル,,,
1スロ,1スロLv4,4,汎用スロットスキル,,,
1スロ,1スロLv5,5,汎用スロットスキル,,,
1スロ,1スロLv6,6,汎用スロットスキル,,,
1スロ,1スロLv7,7,汎用スロットスキル,,,
2スロ,2スロLv1,1,汎用スロットスキル,,,
2スロ,2スロLv2,2,汎用スロットスキル,,,
2スロ,2スロLv3,3,汎用スロットスキル,,,
2スロ,2スロLv4,4,汎用スロットスキル,,,
2スロ,2スロLv5,5,汎用スロットスキル,,,
2スロ,2スロLv6,6,汎用スロットスキル,,,
2スロ,2スロLv7,7,汎用スロットスキル,,,
3スロ,3スロLv1,1,汎用スロットスキル,,,
3スロ,3スロLv2,2,汎用スロットスキル,,,
3スロ,3スロLv3,3,汎用スロットスキル,,,
3スロ,3スロLv4,4,汎用スロットスキル,,,
3スロ,3スロLv5,5,汎用スロットスキル,,,
3スロ,3スロLv6,6,汎用スロットスキル,,,
3スロ,3スロLv7,7,汎用スロットスキル,,,
4スロ,4スロLv1,1,汎用スロットスキル,,,
4スロ,4スロLv2,2,汎用スロットスキル,,,
4スロ,4スロLv3,3,汎用スロットスキル,,,
4スロ,4スロLv4,4,汎用スロットスキル,,,
4スロ,4スロLv5,5,汎用スロットスキル,,,
4スロ,4スロLv6,6,汎用スロットスキル,,,
4スロ,4スロLv7,7,汎用スロットスキル,,,
