#名前,"性別(0=両,1=男,2=女)",レア度,スロット1,スロット2,スロット3,入手時期,初期防御力,最終防御力,火耐性,水耐性,雷耐性,氷耐性,龍耐性,スキル系統1,スキル値1,スキル系統2,スキル値2,スキル系統3,スキル値3,スキル系統4,スキル値4,スキル系統5,スキル値5,生産素材1,個数,生産素材2,個数,生産素材3,個数,生産素材4,個数,カスタム強化防御力,カスタム強化素材1,個数1,カスタム強化素材2,個数2,ワンセット防具,仮番号,錬成テーブル
カムラノ装【脚絆】覇,0,4,1,0,0,,30,88,2,0,0,0,0,壁面移動,2,死中に活,1,,,,,,,カブレライト鉱石,2,大地の結晶,2,,,,,,,,,,,,
レザーＳパンツ,0,4,2,0,0,,30,88,0,0,0,0,0,地質学,1,,,,,,,,,翼蛇竜の上皮,2,鉄鉱石,3,,,,,,,,,,,,
チェーンＳパンツ,0,4,1,1,0,,32,90,0,0,1,0,0,植生学,1,スタミナ急速回復,1,,,,,,,カブレライト鉱石,2,ドラグライト鉱石,1,,,,,,,,,,,,
ハンターＳグリーヴ,0,4,2,0,0,,32,90,0,0,0,0,0,気絶耐性,1,攻撃,2,,,,,,,上質な毛皮,2,ねじれた堅怪骨,2,,,,,,,,,,,,
アロイＳグリーヴ,0,4,2,0,0,,32,90,-1,0,-1,-1,0,砥石使用高速化,1,見切り,1,,,,,,,グラシスメタル,2,カブレライト鉱石,1,マカライト鉱石,2,,,,,,,,,,
ボーンＳグリーヴ,0,4,2,0,0,,32,90,0,0,0,-1,0,泥雪耐性,2,集中,1,,,,,,,ねじれた堅怪骨,2,イズチの剛毛,2,鋭利な牙,1,,,,,,,,,,
スカルダＳガンバ,1,4,1,0,0,,32,90,3,-1,-1,-1,3,力の解放,1,毒耐性,1,心眼,1,,,,,毒クモリ,1,モンスターの濃汁,2,カブレライト鉱石,2,,,,,,,,,,
スパイオＳガンバ,2,4,1,0,0,,32,90,3,-1,-1,-1,3,力の解放,1,毒耐性,1,心眼,1,,,,,毒クモリ,1,モンスターの濃汁,2,カブレライト鉱石,2,,,,,,,,,,
ブナハＳブーツ,0,4,2,1,0,,34,92,-2,0,0,0,2,麻痺属性強化,1,反動軽減,1,,,,,,,飛甲虫の堅殻,2,上質な腹袋,2,飛甲虫の麻痺針,1,ねじれた堅怪骨,1,,,,,,,,
イズチＳグリーヴ,0,4,1,1,0,,36,94,2,-1,-2,0,0,回復速度,1,体術,1,,,,,,,鎌鼬竜の上皮,3,鎌鼬竜の上刃尾,1,上竜骨,1,大地の結晶,3,,,,,,,,
バギィＳグリーヴ,0,4,2,1,0,,36,94,-4,-1,-1,2,1,攻撃,1,,,,,,,,,眠狗竜の尖爪,3,昏睡袋,2,翼蛇竜の上皮,2,グラシスメタル,1,,,,,,,,
クルルＳグリーヴ,0,4,1,0,0,,38,96,0,-3,0,1,0,気絶耐性,1,見切り,2,,,,,,,掻鳥の上皮,4,掻鳥の大クチバシ,1,鋭利な牙,3,,,,,,,,,,
フロギィＳグリーヴ,0,4,1,1,0,,38,96,2,-2,1,-4,0,装填拡張,1,回避距離ＵＰ,1,,,,,,,毒狗竜の堅腕甲,4,王者のクチバシ,1,猛毒袋,1,ドラグライト鉱石,2,,,,,,,,
アシラＳグリーヴ,0,4,3,2,1,,36,94,-2,0,-2,0,0,,,,,,,,,,,青熊獣の堅殻,3,青熊獣の堅腕甲,2,ねじれた堅怪骨,1,鋭利な牙,1,,,,,,,,
ウルクＳグリーヴ,0,4,1,1,0,,36,94,-3,1,0,3,0,ジャンプ鉄人,1,見切り,1,,,,,,,白兎獣の剛毛,4,白兎獣の堅腹甲,1,堅牢な骨,2,,,,,,,,,,
アケノＳグリーヴ,0,4,1,0,0,,38,96,3,-3,-1,0,0,フルチャージ,1,火属性攻撃強化,2,,,,,,,傘鳥の上鱗,2,傘鳥の上羽鱗,2,爆炎袋,2,紅蓮石,1,,,,,,,,
フルフルＳグリーヴ,0,4,1,1,0,,38,96,-4,1,4,2,1,集中,1,ＫＯ術,1,回復速度,1,,,,,怪しげな鋭牙,4,真珠色の柔皮,1,電撃袋,2,アルビノの霜降り,1,,,,,,,,
ヨツミＳグリーヴ,0,4,1,0,0,,40,98,-1,4,-2,1,0,通常弾・連射矢強化,1,腹減り耐性,1,,,,,,,河童蛙の苔堅甲,4,河童蛙の大嘴,2,大水袋,2,,,,,,,,,,
インゴットＳグリーヴ,0,4,1,0,0,,40,96,-1,-1,1,0,0,攻撃,2,見切り,2,,,,,,,ユニオン鉱石,2,ドラグライト鉱石,3,グラシスメタル,2,尖竜骨,2,,,,,,,,
エーデルＳライース,0,4,3,1,0,,40,96,-1,3,-1,0,0,毒耐性,1,,,,,,,,,星見の麗花,1,大水袋,2,流水草,3,肉厚な上皮,2,,,,,,,,
リノプロＳグリーヴ,0,4,1,1,0,,42,98,2,0,0,-2,0,貫通弾・貫通矢強化,1,耐震,1,,,,,,,草食竜の堅殻,2,竜骨【中】,2,カブレライト鉱石,2,,,,,,,,,,
ドロスＳグリーヴ,0,4,2,0,0,,42,98,-2,4,-1,0,0,水属性攻撃強化,3,,,,,,,,,水生獣の上皮,2,未熟な海綿質,2,水生獣の皮,1,咬魚の上ヒゲ,2,,,,,,,,
狗竜の革臑当Ｓ,0,4,2,1,0,,42,98,0,0,0,1,0,乗り名人,1,,,,,,,,,ジャギィの上鱗,2,ジャギィの上皮,3,フロギィの上鱗,1,バギィの上鱗,2,,,,,,,,
ラングロＳグリーヴ,0,4,1,1,0,,50,106,2,-3,0,-1,1,高速変形,1,回避距離ＵＰ,2,,,,,,,赤甲獣の堅殻,2,赤甲獣の尖爪,1,強力麻痺袋,2,ユニオン鉱石,2,,,,,,,,
ルドロスＳグリーヴ,0,4,3,0,0,,48,104,-3,4,-1,0,0,強化持続,2,,,,,,,,,水獣の上鱗,3,水獣の鋭爪,2,水生獣の上皮,2,鋭利な爪,2,,,,,,,,
ボロスＳグリーヴ,0,4,2,1,0,,50,106,-3,-1,3,-1,0,ガード性能,1,防御,1,攻めの守勢,1,,,,,土砂竜の堅殻,3,土砂竜の鋭爪,2,豊沃なドロ,2,埋もれた竜骨骸,3,,,,,,,,
テンゴＳグリーヴ,0,5,2,1,1,,52,108,-2,2,2,-4,2,渾身,1,,,,,,,,,天狗獣の上腕羽,4,天狗獣の尖爪,2,天狗獣の堅尾甲,1,ファンゴの上毛皮,2,,,,,,,,
プケプケＳグリーヴ,0,5,1,1,1,,50,106,0,3,-3,0,1,体術,1,弾導強化,1,,,,,,,毒妖鳥の堅殻,4,毒妖鳥の大喉袋,2,毒妖鳥の翼,2,,,,,,,,,,
ジュラグリーヴ,0,5,2,1,1,,48,104,-1,2,-3,0,0,ガード強化,2,,,,,,,,,泥魚竜の上鱗,3,大水袋,2,泥魚竜の鋭牙,1,上質なヒレ,3,,,,,,,,
バサルＳグリーヴ,0,5,3,0,0,,52,108,0,-2,1,1,-3,砲弾装填,1,防御,1,,,,,,,岩竜の堅殻,3,岩竜の堅胸殻,1,岩竜の尻尾,2,紅蓮石,2,,,,,,,,
レイアＳグリーヴ,0,5,2,0,0,,52,108,3,0,-2,0,-3,属性やられ耐性,1,満足感,1,,,,,,,雌火竜の上鱗,4,雌火竜の翼膜,2,火竜の鋭翼爪,1,尖竜骨,2,,,,,,,,
クロムメタルブーツ,0,5,3,0,0,,46,92,-2,-2,-2,-2,-2,ひるみ軽減,2,,,,,,,,,ノヴァクリスタル,1,獄炎石,1,ユニオン鉱石,3,天狗獣の堅頭襟,2,,,,,,,,
ドーベルグリーヴ,0,5,2,0,0,,52,98,-2,0,0,0,4,龍属性攻撃強化,1,集中,1,火事場力,1,,,,,堅牢な骨,2,いにしえの龍骨,1,毒狗竜の上皮,2,イズチの剛毛,2,,,,,,,,
アルブーロＳサンダル,0,5,1,1,0,,52,98,0,-2,1,-1,0,散弾・拡散矢強化,1,貫通弾・貫通矢強化,1,,,,,,,マクラサカガイ,1,真珠色の柔皮,3,堅竜骨,2,咬魚の上ヒゲ,2,,,,,,,,
メルホアＳライース,0,5,1,1,0,,52,98,0,1,3,0,0,体力回復量ＵＰ,1,回復速度,2,,,,,,,ドスビスカス,2,雷光虫,2,モンスターの濃汁,2,ねじれた堅怪骨,1,,,,,,,,
デスギアＳフェルゼ,0,5,1,1,0,,52,98,3,1,1,-1,0,剛刃研磨,1,高速変形,1,,,,,,,禍々しい闇布,1,縞模様の皮,2,上質な堅骨,2,鋭利な牙,2,,,,,,,,
マギュルＳライース,0,5,2,1,0,,52,98,-3,1,0,3,0,反動軽減,2,,,,,,,,,ワヲンパンプキン,1,怪力の種,2,バギィの上鱗,2,グラシスメタル,2,,,,,,,,
ヴァイクＳグリーヴ,0,5,3,1,0,,52,98,0,3,-2,-1,0,装填拡張,1,,,,,,,,,ヨロイシダイ,2,小金魚,1,上質なヒレ,2,グラシスメタル,2,,,,,,,,
マカルパＳパンツ,0,5,1,1,0,,52,98,1,2,-2,0,0,泡沫の舞,1,早食い,1,,,,,,,春夜鯉,2,サシミウオ,2,肉厚な上皮,1,カブレライト鉱石,2,,,,,,,,
ウツシ表【脚絆】覇,1,5,1,0,0,,52,98,3,0,0,0,0,広域化,1,満足感,1,幸運,1,,,,,カムラチケット,2,泡立つ上滑液,2,堅竜骨,1,ノヴァクリスタル,1,,,,,,,,
ウツシ裏【脚絆】覇,1,5,1,1,0,,52,98,3,0,0,0,0,回避性能,1,挑戦者,1,,,,,,,カムラチケット,2,泡狐竜の尖爪,2,堅竜骨,1,ノヴァクリスタル,1,,,,,,,,
依巫・祈【緋袴】,2,5,1,0,0,,52,98,3,0,0,0,0,広域化,1,満足感,1,幸運,1,,,,,カムラチケット,2,泡立つ上滑液,2,堅竜骨,1,ノヴァクリスタル,1,,,,,,,,
神凪・願【緋袴】,2,5,1,1,0,,52,98,3,0,0,0,0,回避性能,1,挑戦者,1,,,,,,,カムラチケット,2,泡狐竜の尖爪,2,堅竜骨,1,ノヴァクリスタル,1,,,,,,,,
ガブラスーツＳフット,0,5,1,1,0,,52,98,1,1,1,1,3,弱点特効,1,,,,,,,,,縞模様の皮,2,毒妖鳥の上鱗,2,獄炎石,1,堅竜骨,1,,,,,,,,
イソネＳグリーヴ,0,5,1,1,0,,58,104,-1,2,-3,0,1,精霊の加護,2,,,,,,,,,人魚竜の堅殻,4,人魚竜の微睡み粉,2,人魚竜の上鱗,1,眠狗竜の上皮,2,,,,,,,,
ベリオＳグリーヴ,0,5,3,1,0,,58,104,-3,0,-1,3,0,納刀術,1,,,,,,,,,氷牙竜の上毛皮,3,氷牙竜の鋭爪,2,氷牙竜の棘,2,眠狗竜の尖爪,2,,,,,,,,
カガチＳグリーヴ,0,5,2,1,0,,58,118,0,-3,3,0,0,体術,1,見切り,2,,,,,,,飛雷竜の上鱗,3,飛雷竜の上毛皮,2,飛雷竜の雷極針,1,上質な毛皮,2,,,,,,,,
ジャナフＳグリーヴ,0,6,2,0,0,,60,118,3,-3,-1,-1,0,ランナー,2,,,,,,,,,蛮顎竜の鋭牙,3,蛮顎竜の上鱗,4,蛮顎竜の尻尾,1,蛮顎竜の逆鱗,1,,,,,,,,
ナルガＳグリーヴ,0,6,1,0,0,,60,118,-2,1,-3,1,1,回避性能,2,見切り,1,,,,,,,迅竜の上鱗,3,迅竜の上黒毛,2,迅竜の鋭牙,2,翼蛇竜の上皮,2,,,,,,,,
ミツネＳグリーヴ,0,6,3,1,1,,60,120,0,2,-3,1,-1,泡沫の舞,1,,,,,,,,,泡狐竜の上鱗,4,泡狐竜の尖爪,2,泡立つ上滑液,2,泡狐竜の水玉,1,,,,,,,,
レウスＳグリーヴ,0,6,1,1,0,,62,120,3,1,-2,1,-3,攻撃,1,破壊王,1,,,,,,,火竜の堅殻,4,火竜の翼,2,火竜の尻尾,1,溶岩獣の上鱗,2,,,,,,,,
ジンオウＳグリーヴ,0,6,1,0,0,,62,108,0,-1,4,-4,1,力の解放,1,体術,2,,,,,,,雷狼竜の堅殻,2,雷狼竜の高電殻,3,雷狼竜の尖爪,2,電撃袋,2,,,,,,,,
ロワーガＳガンバ,1,6,1,1,0,,62,106,-2,0,3,-2,2,見切り,2,龍属性攻撃強化,1,,,,,,,オオクワアゲハ,1,上質な堅骨,3,火竜の上鱗,2,上質な腹袋,1,,,,,,,,
ファルメルＳガンバ,2,6,1,1,0,,62,106,-2,0,3,-2,2,見切り,2,龍属性攻撃強化,1,,,,,,,オオクワアゲハ,1,上質な堅骨,3,火竜の上鱗,2,上質な腹袋,1,,,,,,,,
メデュレトＳブーツ,0,6,3,1,0,,62,106,1,3,0,2,0,爆破属性強化,1,,,,,,,,,ゴスゴシックラゲ,1,河童蛙の苔堅甲,2,堅竜骨,1,カブレライト鉱石,4,,,,,,,,
禍鎧・覇【具足】,0,6,1,1,0,,64,122,3,-3,-2,1,1,鬼火纏,1,逆恨み,1,ひるみ軽減,1,,,,,怨虎竜の堅殻,4,怨虎竜の魂結晶,2,怨虎竜の剛兜角,1,迅竜の鋭刃翼,1,,,,,,,,
ゴシャＳグリーヴ,0,6,1,0,0,,64,122,-4,1,-1,4,0,抜刀術【力】,1,挑戦者,3,,,,,,,雪鬼獣の剛毛,3,しゃっこい堅氷塊,2,雪鬼獣の堅腕甲,2,グラシスメタル,4,,,,,,,,
オロミドＳグリーヴ,0,6,3,1,0,,64,122,-4,3,3,-2,-2,業物,1,,,,,,,,,泥翁竜の上鱗,3,泥翁竜の尖爪,2,泥翁竜の剛毛ヒレ,3,泡狐竜の上錦ヒレ,1,,,,,,,,
レックスＳグリーヴ,0,6,1,0,0,,64,122,2,0,-3,0,-2,早食い,2,心眼,1,,,,,,,轟竜の上鱗,4,轟竜の鋭牙,3,轟竜の尻尾,1,ジャグラスの上鱗,2,,,,,,,,
ディアブロＳグリーヴ,0,6,2,0,0,,64,122,3,-1,-1,-3,-1,ガード性能,1,攻めの守勢,1,,,,,,,角竜の堅甲,4,角竜の堅殻,1,角竜の尾甲,2,尖竜骨,2,,,,,,,,
ヤツカダグリーヴ,0,6,1,0,0,,66,124,4,-2,-1,-3,1,体術,2,スタミナ急速回復,2,,,,,,,妃蜘蛛の堅殻,5,妃蜘蛛の鋭爪,1,妃蜘蛛の灯腹,1,臣蜘蛛の絹糸,2,,,,,,,,
金色ノ袴,0,7,1,1,0,,70,128,2,1,3,-5,2,超会心,2,力の解放,1,,,,,,,金獅子の黒毛,3,黄金の毛,1,金獅子の尖爪,2,獣玉,2,,,,,,,,
ダマスクグリーヴ,0,7,1,0,0,,68,126,-1,2,-3,1,-1,匠,2,,,,,,,,,古龍の血,2,泥翁竜の堅殻,2,しゃっこい堅氷塊,1,グラシスメタル,4,,,,,,,,
クシャナペイル,0,7,1,0,0,,74,132,-1,2,-2,3,-3,鋼殻の恩恵,1,匠,1,貫通弾・貫通矢強化,1,,,,,鋼の上龍鱗,4,鋼龍の尖爪,4,鋼龍の尖角,1,雪鬼獣の堅腕甲,2,,,,,,,,
ミヅハ【具足】,0,7,2,0,0,,74,132,-5,1,0,3,-3,霞皮の恩恵,1,回避性能,1,,,,,,,霞龍の上皮,4,霞龍の尖角,2,霞龍の翼,2,ユニオン鉱石,4,,,,,,,,
カイザーグリーヴ,0,7,1,0,0,,74,132,4,-4,1,-1,-3,炎鱗の恩恵,1,達人芸,1,,,,,,,炎王龍の堅殻,5,炎龍の塵粉,2,炎龍の尖爪,1,火竜の上鱗,2,,,,,,,,
バゼルグリーヴ,0,7,3,0,0,,72,130,3,1,-4,-2,-2,砲術,2,ガード性能,1,,,,,,,爆鱗竜の堅殻,4,爆鱗竜の爆腺,2,爆鱗竜の尻尾,1,爆鱗竜の宝玉,1,,,,,,,,
しまきのおみあし,0,7,0,0,0,,66,124,-1,0,0,0,-2,風紋の一致,1,ＫＯ術,1,ガード強化,1,風雷合一,1,,,風神龍の堅殻,4,風神龍の上皮,1,風神龍の碧棘,2,雌火竜の翼膜,2,,,,,,,,
なるかみのおみあし,0,7,0,0,0,,76,134,2,1,4,-3,-4,雷紋の一致,1,回避性能,1,ランナー,1,風雷合一,1,,,雷神龍の堅殻,3,雷神龍の尖爪,2,雷神龍の触手,2,古龍骨,2,,,,,,,,
赫耀ノグリーヴ,0,7,3,1,0,,80,138,-2,-2,-2,-2,3,龍気活性,1,逆恨み,1,,,,,,,奇絶の赫灼殻,5,天彗龍の尖爪,3,天彗龍の尻尾,2,赫星招く龍氣玉,1,,,,,,,,
ブラックレザーレグス,0,6,3,0,0,,60,118,2,2,2,2,2,翔蟲使い,2,,,,,,,,,,,,,,,,,,,,,,,,
蒼世ノ侍【履物】,0,7,2,1,0,,72,130,2,2,0,0,2,納刀術,2,集中,1,,,,,,,,,,,,,,,,,,,,,,
カムラノ装【脚絆】継,0,8,2,0,0,,80,152,2,0,0,0,0,壁面移動,2,死中に活,1,滑走強化,1,,,,,,,,,,,,,,,,,,,5000,1
レザーＸパンツ,0,8,4,1,0,,80,152,0,0,0,0,0,地質学,1,植生学,2,,,,,,,,,,,,,,,,,,,,,5010,1
チェーンＸパンツ,0,8,1,1,1,,82,154,0,0,1,0,0,スタミナ急速回復,1,ガード性能,2,,,,,,,,,,,,,,,,,,,,,5020,1
ハンターＸグリーヴ,0,8,2,0,0,,82,154,0,0,0,0,0,気絶耐性,1,攻撃,2,納刀術,1,,,,,,,,,,,,,,,,,,,5030,1
アロイＸグリーヴ,0,8,4,0,0,,82,154,-1,0,-1,-1,0,見切り,2,,,,,,,,,,,,,,,,,,,,,,,5040,1
ボーンＸグリーヴ,0,8,2,0,0,,82,154,0,0,0,-1,0,泥雪耐性,2,集中,1,抜刀術【力】,1,,,,,,,,,,,,,,,,,,,5050,1
リノプロＸグリーヴ,0,8,4,0,0,,90,162,2,0,0,-2,0,貫通弾・貫通矢強化,1,耐震,1,,,,,,,,,,,,,,,,,,,,,5070,1
ドロスＸグリーヴ,0,8,4,1,0,,90,162,-2,4,-1,0,0,水属性攻撃強化,3,,,,,,,,,,,,,,,,,,,,,,,5070,1
ブナハＸブーツ,0,8,4,1,0,,84,156,-2,0,0,0,2,反動軽減,1,ブレ抑制,2,,,,,,,,,,,,,,,,,,,,,5080,1
タロスグリーヴ,0,8,2,2,0,,86,158,-1,-1,-1,-1,4,死中に活,1,ブレ抑制,1,体力回復量ＵＰ,1,,,,,,,,,,,,,,,,,,,5090,1
ランゴグリーヴ,0,8,4,0,0,,84,156,-2,1,1,1,2,納刀術,1,翔蟲使い,1,,,,,,,,,,,,,,,,,,,,,5100,1
狗竜の革臑当Ｘ,0,8,2,1,0,,90,162,0,0,0,1,0,乗り名人,1,壁面移動,2,,,,,,,,,,,,,,,,,,,,,5110,1
ランポスグリーヴ,0,8,3,2,0,,86,158,0,0,0,-2,0,風圧耐性,2,気絶耐性,2,,,,,,,,,,,,,,,,,,,,,5130,1
イズチＸグリーヴ,0,8,1,1,0,,86,158,2,-1,-2,0,0,回復速度,1,体術,2,回避性能,1,,,,,,,,,,,,,,,,,,,5140,1
バギィＸグリーヴ,0,8,2,1,0,,86,158,-4,-1,-1,2,1,攻撃,2,氷耐性,2,,,,,,,,,,,,,,,,,,,,,5150,1
クルルＸグリーヴ,0,8,3,0,0,,86,158,0,-3,0,1,0,気絶耐性,2,見切り,2,,,,,,,,,,,,,,,,,,,,,5160,1
フロギィＸグリーヴ,0,8,4,0,0,,88,160,2,-2,1,-4,0,回避距離ＵＰ,2,,,,,,,,,,,,,,,,,,,,,,,5170,1
アシラＸグリーヴ,0,8,3,2,1,,86,158,-2,0,-2,0,0,早食い,1,,,,,,,,,,,,,,,,,,,,,,,5180,1
ウルクＸグリーヴ,0,8,3,0,0,,86,158,-3,1,0,3,0,ジャンプ鉄人,1,見切り,1,達人芸,1,装填速度,1,,,,,,,,,,,,,,,,,5190,1
ラングロＸグリーヴ,0,8,1,0,0,,94,166,2,-3,0,-1,1,高速変形,2,回避距離ＵＰ,2,,,,,,,,,,,,,,,,,,,,,5200,1
アケノＸグリーヴ,0,8,1,1,0,,88,160,3,-3,-1,0,0,フルチャージ,1,火属性攻撃強化,2,抜刀術【技】,1,,,,,,,,,,,,,,,,,,,5210,1
ルドロスＸグリーヴ,0,8,3,0,0,,92,164,-3,4,-1,0,0,強化持続,2,集中,1,,,,,,,,,,,,,,,,,,,,,5220,1
ボロスＸグリーヴ,0,8,2,1,0,,94,166,-3,-1,3,-1,0,ガード性能,2,防御,1,攻めの守勢,1,,,,,,,,,,,,,,,,,,,5230,1
ザザミグリーヴ,0,8,4,0,0,,94,166,-5,1,-3,-1,2,チューンアップ,1,匠,1,耐震,1,,,,,,,,,,,,,,,,,,,5240,1
ヨツミＸグリーヴ,0,8,4,0,0,,90,162,-1,4,-2,1,0,腹減り耐性,2,火事場力,1,早食い,1,,,,,,,,,,,,,,,,,,,5250,1
インゴットＸグリーヴ,0,8,1,1,0,,94,158,-1,-1,1,0,0,攻撃,2,見切り,2,,,,,,,,,,,,,,,,,,,,,5260,2
スカルダＸガンバ,1,8,2,0,0,,98,162,3,-1,-1,-1,3,力の解放,1,毒耐性,1,心眼,2,,,,,,,,,,,,,,,,,,,5270,2
スパイオＸガンバ,2,8,2,0,0,,98,162,3,-1,-1,-1,3,力の解放,1,毒耐性,1,心眼,2,,,,,,,,,,,,,,,,,,,5280,2
エーデルＸライース,0,8,4,1,0,,96,160,-1,3,-1,0,0,毒耐性,1,早食い,2,,,,,,,,,,,,,,,,,,,,,5300,2
アルブーロＸサンダル,0,8,1,1,0,,96,160,0,2,1,-1,0,散弾・拡散矢強化,1,貫通弾・貫通矢強化,2,,,,,,,,,,,,,,,,,,,,,5310,2
メルホアＸライース,0,8,4,1,0,,92,162,0,1,3,0,0,体力回復量ＵＰ,1,回復速度,2,スタミナ急速回復,1,,,,,,,,,,,,,,,,,,,5320,2
ゴギョウノグソク,0,8,3,0,0,,100,164,0,0,0,0,3,精霊の加護,2,鬼火纏,1,,,,,,,,,,,,,,,,,,,,,5330,2
軽装騎士【脚甲】,0,8,3,1,0,,100,160,1,1,1,1,1,業物,2,超会心,1,,,,,,,,,,,,,,,,,,,,,5340,3
ユクモノハカマ,0,8,2,0,0,,92,156,0,0,2,0,0,見切り,1,回避性能,1,体力回復量ＵＰ,2,,,,,,,,,,,,,,,,,,,5350,2
フルフルＸグリーヴ,0,8,2,1,0,,96,160,-4,1,4,2,1,集中,1,ＫＯ術,2,回復速度,2,,,,,,,,,,,,,,,,,,,5370,2
テンゴＸグリーヴ,0,8,2,1,1,,96,160,-2,2,2,-4,2,渾身,1,達人芸,1,早食い,1,弾丸節約,1,,,,,,,,,,,,,,,,,5380,2
テンゴＺグリーヴ,0,8,4,1,0,,96,160,2,-4,-2,0,2,納刀術,1,剛刃研磨,2,散弾・拡散矢強化,1,,,,,,,,,,,,,,,,,,,5390,2
プケプケＸグリーヴ,0,8,2,1,1,,96,160,0,3,-3,0,1,体術,2,弾導強化,1,,,,,,,,,,,,,,,,,,,,,5400,2
ジュラＸグリーヴ,0,8,4,1,1,,96,160,-1,2,-3,0,0,ガード強化,2,逆恨み,1,,,,,,,,,,,,,,,,,,,,,5410,2
バサルＸグリーヴ,0,8,3,0,0,,100,164,0,-2,1,1,-3,砲弾装填,1,防御,2,力の解放,2,装填速度,1,,,,,,,,,,,,,,,,,5420,2
イソネＸグリーヴ,0,8,4,1,0,,96,160,-1,2,-3,0,1,精霊の加護,2,睡眠耐性,1,,,,,,,,,,,,,,,,,,,,,5430,2
イソネＺグリーヴ,0,8,4,1,0,,108,168,-3,1,-1,3,2,会心撃【属性】,1,挑戦者,1,氷属性攻撃強化,2,,,,,,,,,,,,,,,,,,,5440,3
レイアＸグリーヴ,0,8,4,0,0,,96,160,3,0,-2,0,-3,属性やられ耐性,1,満足感,1,挑戦者,1,,,,,,,,,,,,,,,,,,,5450,2
カガチＸグリーヴ,0,8,2,1,0,,96,160,0,-3,3,0,0,体術,1,見切り,2,会心撃【属性】,1,,,,,,,,,,,,,,,,,,,5460,2
ジャナフＸグリーヴ,0,8,3,0,0,,98,162,3,-3,-1,-1,0,ランナー,2,挑戦者,2,,,,,,,,,,,,,,,,,,,,,5470,2
ドーベルＸグリーヴ,0,8,2,0,0,,104,164,-2,0,0,0,4,龍属性攻撃強化,1,集中,2,火事場力,2,,,,,,,,,,,,,,,,,,,5490,3
ヴァイクＸグリーヴ,0,8,4,1,0,,100,160,0,3,-2,-1,0,装填拡張,1,腹減り耐性,1,,,,,,,,,,,,,,,,,,,,,5500,3
マギュルＸライース,0,8,2,2,0,,100,160,-3,1,0,3,0,チューンアップ,1,ブレ抑制,2,,,,,,,,,,,,,,,,,,,,,5510,3
デスギアＸフェルゼ,0,8,2,1,0,,110,170,3,1,1,-1,0,剛刃研磨,1,高速変形,1,攻撃,1,,,,,,,,,,,,,,,,,,,5520,3
マカルパＸパンツ,0,8,1,1,0,,104,164,1,2,-2,0,0,泡沫の舞,2,早食い,1,死中に活,1,,,,,,,,,,,,,,,,,,,5530,3
ロワーガＸガンバ,1,8,2,1,0,,110,170,-2,0,3,-2,2,見切り,2,龍属性攻撃強化,1,回避性能,1,,,,,,,,,,,,,,,,,,,5540,3
ファルメルＸガンバ,2,8,2,1,0,,110,170,-2,0,3,-2,2,見切り,2,龍属性攻撃強化,1,回避性能,1,,,,,,,,,,,,,,,,,,,5550,3
砲術隊【脛当て】,0,8,0,0,0,,106,166,1,1,1,1,1,弾丸節約,3,特殊射撃強化,1,砲術,1,,,,,,,,,,,,,,,,,,,5560,3
ギルドバードブーツ,1,8,4,0,0,,104,164,0,0,0,0,0,精霊の加護,2,キノコ大好き,1,,,,,,,,,,,,,,,,,,,,,5570,3
スカラーソックス,2,8,4,0,0,,104,164,0,0,0,0,0,精霊の加護,2,キノコ大好き,1,,,,,,,,,,,,,,,,,,,,,5580,3
ガーディアンブーツ,0,8,2,1,0,,108,168,2,0,0,2,3,ガード性能,2,耳栓,1,,,,,,,,,,,,,,,,,,,,,5590,3
ブリゲイドＸブーツ,0,8,2,2,1,,106,166,1,0,2,0,2,剥ぎ取り鉄人,1,植生学,2,ランナー,2,,,,,,,,,,,,,,,,,,,5600,3
ベリオＸグリーヴ,0,8,4,1,0,,108,168,-5,0,-1,3,0,納刀術,1,破壊王,1,氷属性攻撃強化,2,,,,,,,,,,,,,,,,,,,5610,3
禍鎧・真【具足】,0,8,2,1,0,,110,170,3,-3,-2,1,1,鬼火纏,1,逆恨み,2,ひるみ軽減,1,,,,,,,,,,,,,,,,,,,5620,3
ナルガＸグリーヴ,0,8,1,0,0,,108,168,-2,1,-3,1,1,回避性能,2,見切り,2,体術,1,,,,,,,,,,,,,,,,,,,5630,3
ゴシャＸグリーヴ,0,8,3,0,0,,106,166,-4,1,-1,4,0,抜刀術【力】,1,挑戦者,3,弾導強化,1,,,,,,,,,,,,,,,,,,,5640,3
ゴルムグリーヴ,0,8,2,2,1,,112,172,-1,3,-2,0,2,チャージマスター,1,ＫＯ術,2,スタミナ奪取,2,,,,,,,,,,,,,,,,,,,5650,3
ギザミグリーヴ,0,8,1,0,0,,108,168,-3,1,-4,-1,2,見切り,1,ランナー,1,匠,2,貫通弾・貫通矢強化,2,,,,,,,,,,,,,,,,,5660,3
オロミドＸグリーヴ,0,8,4,2,0,,108,168,-4,3,3,-2,-2,業物,1,回避性能,1,弾丸節約,1,,,,,,,,,,,,,,,,,,,5670,3
ヤツカダＸグリーヴ,0,8,1,1,0,,108,168,4,-2,-1,-3,0,体術,3,スタミナ急速回復,2,,,,,,,,,,,,,,,,,,,,,5680,3
オロミドＺグリーヴ,0,9,3,3,0,,112,172,5,-5,0,-4,0,死中に活,1,逆恨み,1,,,,,,,,,,,,,,,,,,,,,5690,4
ヤツカダＺグリーヴ,0,9,4,2,1,,112,172,2,-4,2,-2,2,フルチャージ,1,爆破やられ耐性,2,,,,,,,,,,,,,,,,,,,,,5700,4
ウツシ表【脚絆】真,1,9,2,0,0,,110,170,3,0,0,0,0,広域化,2,満足感,1,幸運,1,,,,,,,,,,,,,,,,,,,5710,4
神凪・洸【緋袴】,2,9,1,1,1,,110,170,3,0,0,0,0,回避性能,1,挑戦者,1,攻撃,2,,,,,,,,,,,,,,,,,,,5720,4
ウツシ裏【脚絆】真,1,9,1,1,1,,110,170,3,0,0,0,0,回避性能,1,挑戦者,1,攻撃,2,,,,,,,,,,,,,,,,,,,5730,4
依巫・燿【緋袴】,2,9,2,0,0,,110,170,3,0,0,0,0,広域化,2,満足感,1,幸運,1,,,,,,,,,,,,,,,,,,,5740,4
クロムメタルＸブーツ,0,9,4,0,0,,110,170,-2,-2,-2,-2,-2,ひるみ軽減,2,,,,,,,,,,,,,,,,,,,,,,,5750,4
ガブラスーツＸフット,0,9,4,1,0,,112,172,1,1,1,1,3,弱点特効,1,毒耐性,2,,,,,,,,,,,,,,,,,,,,,5770,4
ミツネＸグリーヴ,0,9,3,1,1,,114,174,0,2,-3,1,-1,泡沫の舞,1,回避性能,1,体術,1,,,,,,,,,,,,,,,,,,,5780,4
レウスＸグリーヴ,0,9,1,1,0,,114,174,3,1,-2,1,-3,攻撃,1,破壊王,1,耳栓,2,,,,,,,,,,,,,,,,,,,5790,4
ジンオウＸグリーヴ,0,9,1,0,0,,116,176,0,-1,4,-4,1,力の解放,1,体術,3,翔蟲使い,1,,,,,,,,,,,,,,,,,,,5800,4
レックスＸグリーヴ,0,9,3,0,0,,118,178,2,0,-3,0,-2,早食い,2,心眼,2,通常弾・連射矢強化,1,,,,,,,,,,,,,,,,,,,5810,4
ディアブロＸグリーヴ,0,9,3,0,0,,118,178,3,-1,-1,-3,-1,火事場力,2,耐震,2,,,,,,,,,,,,,,,,,,,,,5820,4
ゴアグリーヴ,0,9,1,1,1,,112,172,-2,3,-1,2,-1,挑戦者,3,早食い,1,,,,,,,,,,,,,,,,,,,,,5830,4
レギオスグリーヴ,0,9,4,0,0,,114,174,4,0,-3,-2,0,刃鱗磨き,1,回避距離ＵＰ,2,,,,,,,,,,,,,,,,,,,,,5840,4
ゼクスグリーヴ,0,9,1,1,0,,114,174,0,-1,4,-3,0,業物,3,弾丸節約,3,雷属性攻撃強化,3,,,,,,,,,,,,,,,,,,,5850,4
ルナガログリーヴ,0,9,2,1,1,,114,174,-4,2,-1,4,-1,力の解放,3,合気,1,,,,,,,,,,,,,,,,,,,,,5860,4
エスピナフェルゼ,0,9,4,1,0,,116,176,3,-1,2,-3,-2,攻勢,1,ひるみ軽減,2,毒属性強化,3,,,,,,,,,,,,,,,,,,,5870,4
重装騎士【脚甲】,0,9,1,0,0,,114,174,1,1,1,1,1,ガード強化,1,納刀術,2,業物,2,,,,,,,,,,,,,,,,,,,5880,4
ホークブーツ,1,9,2,1,0,,110,170,0,0,0,0,0,捕獲名人,1,幸運,1,弱点特効,1,,,,,,,,,,,,,,,,,,,5890,4
エコールブーツ,2,9,2,1,0,,110,170,0,0,0,0,0,捕獲名人,1,幸運,1,弱点特効,1,,,,,,,,,,,,,,,,,,,5900,4
ディグニグリーヴ,0,9,4,0,0,,112,172,1,1,1,1,1,高速変形,1,強化持続,1,業物,1,,,,,,,,,,,,,,,,,,,5910,4
バルバニアブーツ,0,9,3,0,0,,110,170,1,1,1,1,1,破壊王,1,逆襲,1,幸運,1,,,,,,,,,,,,,,,,,,,5920,4
グローシアグリーヴ,0,9,2,0,0,,112,172,0,0,0,3,0,研磨術【鋭】,1,力の解放,1,攻撃,2,,,,,,,,,,,,,,,,,,,5930,4
斉天ノ具足・真,0,9,1,1,1,,116,174,2,1,3,-5,2,超会心,2,力の解放,1,ひるみ軽減,2,,,,,,,,,,,,,,,,,,,5940,5
バゼルＸグリーヴ,0,9,3,0,0,,118,176,3,1,-4,-2,-2,砲術,2,ガード性能,1,挑戦者,1,,,,,,,,,,,,,,,,,,,5950,5
ダマスクＸグリーヴ,0,9,3,0,0,,114,172,-1,2,-3,1,-1,匠,2,装填拡張,2,属性やられ耐性,1,,,,,,,,,,,,,,,,,,,5960,5
クシャナＸペイル,0,9,4,1,0,,120,178,-1,2,-2,3,-3,鋼殻の恩恵,1,匠,1,通常弾・連射矢強化,1,,,,,,,,,,,,,,,,,,,5970,5
ミヅハ真【具足】,0,9,2,0,0,,120,178,-5,1,0,3,-3,霞皮の恩恵,2,フルチャージ,1,毒属性強化,1,,,,,,,,,,,,,,,,,,,5980,5
カイザーＸグリーヴ,0,9,2,1,0,,120,178,4,-4,1,-1,-3,炎鱗の恩恵,1,達人芸,1,超会心,1,,,,,,,,,,,,,,,,,,,5990,5
アークグリーヴ,1,9,3,2,0,,120,178,-2,2,-1,2,-4,狂竜症【蝕】,1,業物,1,弾丸節約,1,,,,,,,,,,,,,,,,,,,6000,5
フィリアグリーヴ,2,9,3,2,0,,120,178,-2,2,-1,2,-4,狂竜症【蝕】,1,業物,1,弾丸節約,1,,,,,,,,,,,,,,,,,,,6010,5
メルゼグリーヴ,0,9,4,1,1,,120,178,-2,2,2,-1,-5,属性やられ耐性,2,弱点特効,1,攻撃,1,,,,,,,,,,,,,,,,,,,6020,5
プロフブーツ,1,9,4,1,0,,114,172,1,1,1,1,1,ランナー,3,腹減り耐性,1,,,,,,,,,,,,,,,,,,,,,6030,5
シャリテブーツ,2,9,4,1,0,,114,172,1,1,1,1,1,ランナー,3,腹減り耐性,1,,,,,,,,,,,,,,,,,,,,,6040,5
サージュブーツ,0,9,2,0,0,,114,172,0,0,0,0,0,アイテム使用強化,3,広域化,2,,,,,,,,,,,,,,,,,,,,,6050,5
シーカーパンツ,0,9,4,0,0,,114,172,2,2,2,2,2,体術,2,幸運,1,,,,,,,,,,,,,,,,,,,,,6060,5
メデュレトＸブーツ,0,9,4,1,0,,114,172,1,3,0,2,0,爆破属性強化,1,チャージマスター,1,ＫＯ術,1,,,,,,,,,,,,,,,,,,,6070,5
セイラーフット,0,9,3,0,0,,114,172,0,0,0,0,0,ランナー,3,回避性能,1,,,,,,,,,,,,,,,,,,,,,6080,5
ギルドパレスグリーヴ,0,9,3,0,0,,120,174,1,2,2,1,1,火事場力,2,災禍転福,2,,,,,,,,,,,,,,,,,,,,,6090,6
冥淵纏鎧イレスケロス,0,10,3,2,2,,126,182,0,3,-2,3,-5,伏魔響命,1,逆恨み,1,,,,,,,,,,,,,,,,,,,,,6100,6
しまきのおみあし真,0,10,2,0,0,,122,178,-1,0,0,0,-2,風紋の一致,1,ＫＯ術,1,ガード強化,1,風雷合一,1,,,,,,,,,,,,,,,,,6110,13
なるかみのおみあし真,0,10,2,0,0,,122,178,2,1,4,-3,-4,雷紋の一致,1,回避性能,1,ランナー,1,風雷合一,1,,,,,,,,,,,,,,,,,6120,13
赫耀ノグリーヴ・真,0,10,3,1,0,,124,180,-2,-2,-2,-2,3,龍気活性,1,逆恨み,3,,,,,,,,,,,,,,,,,,,,,6130,6
怒天ノ袴,0,10,4,0,0,,122,178,2,1,3,-5,2,激昂,1,回避距離ＵＰ,2,,,,,,,,,,,,,,,,,,,,,6140,6
禍鎧・怨【具足】,0,10,4,0,0,,124,180,3,-3,-2,1,1,鬼火纏,2,逆襲,2,翔蟲使い,1,,,,,,,,,,,,,,,,,,,6150,6
拠点司令【脚甲】,0,10,2,2,0,,118,174,1,1,1,1,1,抜刀術【技】,2,納刀術,1,,,,,,,,,,,,,,,,,,,,,6160,6
プライドグリーヴ,0,10,2,2,0,,123,179,3,0,-2,-3,-1,根性,1,スタミナ急速回復,2,スタミナ奪取,3,,,,,,,,,,,,,,,,,,,6190,6
ゴールドルナグリーヴ,0,10,4,2,0,,120,176,3,-3,-4,-1,2,顕如盤石,3,フルチャージ,2,体力回復量ＵＰ,2,,,,,,,,,,,,,,,,,,,6200,6
シルバーソルグリーヴ,0,10,2,2,1,,122,178,4,-4,-3,-2,3,超会心,1,合気,1,渾身,2,,,,,,,,,,,,,,,,,,,6210,6
月光【具足】,0,10,3,0,0,,118,174,3,3,0,-5,-2,闇討ち,1,巧撃,1,匠,2,装填拡張,2,,,,,,,,,,,,,,,,,6220,6
エスピナＺフェルゼ,0,10,4,1,0,,122,178,3,-4,-1,2,-3,剛心,1,攻撃,1,連撃,2,,,,,,,,,,,,,,,,,,,6230,6
陰陽ノ者【差袴】,0,10,4,0,0,,120,176,2,0,-1,-3,1,ひるみ軽減,3,弱点特効,2,攻めの守勢,2,,,,,,,,,,,,,,,,,,,6240,6
ミヅハ醒【具足】,0,10,4,1,1,,125,181,-5,1,0,3,-3,蓄積時攻撃強化,1,霞皮の恩恵,1,回避性能,2,,,,,,,,,,,,,,,,,,,6250,6
ケイオスグリーヴ,1,10,3,0,0,,118,174,-4,3,-2,2,4,狂化,1,狂竜症【蝕】,1,災禍転福,3,,,,,,,,,,,,,,,,,,,6260,6
ネフィリムグリーヴ,2,10,3,0,0,,118,174,-4,3,-2,2,4,狂化,1,狂竜症【蝕】,1,災禍転福,3,,,,,,,,,,,,,,,,,,,6290,6
リバルクシャナペイル,0,10,4,4,0,,124,180,-1,2,-2,3,-3,風纏,1,連撃,1,,,,,,,,,,,,,,,,,,,,,6270,6
リバルカイザークイス,0,10,4,1,1,,124,180,4,-4,1,-1,-3,炎鱗の恩恵,2,弱点特効,1,会心撃【属性】,2,火属性攻撃強化,2,,,,,,,,,,,,,,,,,6280,6
ラヴィーナグリーヴ,0,10,4,1,0,,123,179,-3,2,-1,4,-1,氷属性攻撃強化,5,会心撃【属性】,3,弱点特効【属性】,1,,,,,,,,,,,,,,,,,,,6290,6
赫耀ノグリーヴ・暦,0,10,4,3,0,,121,177,-2,-2,-2,-2,3,超会心,1,気絶耐性,3,攻撃,2,,,,,,,,,,,,,,,,,,,6300,6
荒天【袴】,0,10,4,4,0,,125,181,-3,4,0,0,-5,天衣無崩,1,超会心,2,,,,,,,,,,,,,,,,,,,,,6310,6
ヴァチスグリーヴ,0,10,4,3,1,,122,178,-2,2,-1,2,-4,狂竜症【翔】,1,狂竜症【蝕】,1,奮闘,1,,,,,,,,,,,,,,,,,,,6320,6
